left_idx,w,V_count,P_count,C_count,H_count,S_prune,S_contain,D_count_max,V_search,P_search,B_mid,B_leaf,B_subtree,m,M_point,M_subtree,rho,sigma,avg_subtree_mass
0,13,93,40,6,47,99904,3,16,87,40,4,0,6,10,4,9,1.3,0.692308,1.5
1,21,122,54,4,64,99869,9,16,118,54,8,0,4,12,8,13,1.75,0.619048,3.25
2,16,97,44,3,50,99901,2,16,94,44,11,0,3,14,11,5,1.14286,0.3125,1.66667
3,27,92,35,10,47,99899,9,16,82,35,8,0,10,18,8,19,1.5,0.703704,1.9
4,22,87,34,6,47,99908,5,16,81,34,11,0,6,17,11,11,1.29412,0.5,1.83333
5,19,86,33,7,46,99911,3,16,79,33,9,0,7,16,9,10,1.1875,0.526316,1.42857
6,27,90,32,11,47,99901,9,16,79,32,7,0,11,18,7,20,1.5,0.740741,1.81818
7,28,123,52,6,65,99866,11,16,117,52,11,0,6,17,11,17,1.64706,0.607143,2.83333
8,22,101,41,7,53,99892,7,16,94,41,8,0,7,15,8,14,1.46667,0.636364,2
9,22,98,40,7,51,99897,5,16,91,40,10,0,7,17,10,12,1.29412,0.545455,1.71429
10,18,74,30,5,39,99920,6,16,69,30,7,0,5,12,7,11,1.5,0.611111,2.2
11,20,80,34,5,41,99913,7,16,75,34,8,0,5,13,8,12,1.53846,0.6,2.4
12,25,98,38,10,50,99896,6,16,88,38,9,0,10,19,9,16,1.31579,0.64,1.6
13,26,142,56,10,76,99854,4,16,132,56,12,0,10,22,12,14,1.18182,0.538462,1.4
14,19,74,31,5,38,99919,7,16,69,31,7,0,5,12,7,12,1.58333,0.631579,2.4
15,23,109,47,5,57,99881,10,16,104,47,8,0,5,13,8,15,1.76923,0.652174,3
16,23,126,56,4,66,99873,1,16,122,56,18,0,4,22,18,5,1.04545,0.217391,1.25
17,24,63,24,7,32,99928,9,16,56,24,8,0,7,15,8,16,1.6,0.666667,2.28571
18,21,54,23,4,27,99933,13,16,50,23,4,0,4,8,4,17,2.625,0.809524,4.25
19,19,116,49,6,61,99880,4,16,110,49,9,0,6,15,9,10,1.26667,0.526316,1.66667
20,16,96,42,4,50,99899,5,16,92,42,7,0,4,11,7,9,1.45455,0.5625,2.25
21,24,94,41,5,48,99894,12,16,89,41,7,0,5,12,7,17,2,0.708333,3.4
22,28,94,35,9,50,99895,11,16,85,35,8,0,9,17,8,20,1.64706,0.714286,2.22222
23,13,57,25,3,29,99937,6,16,54,25,4,0,3,7,4,9,1.85714,0.692308,3
24,8,95,41,4,50,99905,0,16,91,41,4,0,4,8,4,4,1,0.5,1
25,26,100,42,6,52,99892,8,16,94,42,12,0,6,18,12,14,1.44444,0.538462,2.33333
26,22,140,60,6,74,99855,5,16,134,60,11,0,6,17,11,11,1.29412,0.5,1.83333
27,11,75,31,3,41,99924,1,16,72,31,7,0,3,10,7,4,1.1,0.363636,1.33333
28,22,91,39,6,46,99902,7,16,85,39,9,0,6,15,9,13,1.46667,0.590909,2.16667
29,25,66,26,5,35,99924,10,16,61,26,10,0,5,15,10,15,1.66667,0.6,3
30,31,88,33,10,45,99902,10,16,78,33,11,0,10,21,11,20,1.47619,0.645161,2
31,16,100,45,4,51,99891,9,16,96,45,3,0,4,7,3,13,2.28571,0.8125,3.25
32,16,119,53,5,61,99874,7,16,114,53,4,0,5,9,4,12,1.77778,0.75,2.4
33,22,126,53,8,65,99866,8,16,118,53,6,0,8,14,6,16,1.57143,0.727273,2
34,23,81,33,5,43,99911,8,16,76,33,10,0,5,15,10,13,1.53333,0.565217,2.6
35,15,69,30,3,36,99926,5,16,66,30,7,0,3,10,7,8,1.5,0.533333,2.66667
36,18,67,25,6,36,99927,6,16,61,25,6,0,6,12,6,12,1.5,0.666667,2
37,16,105,43,6,56,99892,3,16,99,43,7,0,6,13,7,9,1.23077,0.5625,1.5
38,22,80,32,6,42,99913,7,16,74,32,9,0,6,15,9,13,1.46667,0.590909,2.16667
39,15,86,36,4,46,99912,2,16,82,36,9,0,4,13,9,6,1.15385,0.4,1.5
40,24,90,36,7,47,99902,8,16,83,36,9,0,7,16,9,15,1.5,0.625,2.14286
41,19,62,25,5,32,99929,9,16,57,25,5,0,5,10,5,14,1.9,0.736842,2.8
42,19,106,46,4,56,99888,6,16,102,46,9,0,4,13,9,10,1.46154,0.526316,2.5
43,17,102,44,5,53,99892,6,16,97,44,6,0,5,11,6,11,1.54545,0.647059,2.2
44,23,71,28,6,37,99919,10,16,65,28,7,0,6,13,7,16,1.76923,0.695652,2.66667
45,20,55,20,5,30,99937,8,16,50,20,7,0,5,12,7,13,1.66667,0.65,2.6
46,20,74,26,8,40,99920,6,16,66,26,6,0,8,14,6,14,1.42857,0.7,1.75
47,23,65,22,8,35,99928,7,16,57,22,8,0,8,16,8,15,1.4375,0.652174,1.875
48,16,100,40,7,53,99898,2,16,93,40,7,0,7,14,7,9,1.14286,0.5625,1.28571
49,20,82,36,5,41,99908,10,16,77,36,5,0,5,10,5,15,2,0.75,3
50,19,94,39,5,50,99901,5,16,89,39,9,0,5,14,9,10,1.35714,0.526316,2
51,12,98,42,5,51,99900,2,16,93,42,5,0,5,10,5,7,1.2,0.583333,1.4
52,14,88,37,5,46,99911,1,16,83,37,8,0,5,13,8,6,1.07692,0.428571,1.2
53,5,73,34,1,38,99927,0,16,72,34,4,0,1,5,4,1,1,0.2,1
54,18,80,32,6,42,99917,3,16,74,32,9,0,6,15,9,9,1.2,0.5,1.5
55,22,97,39,6,52,99894,9,16,91,39,7,0,6,13,7,15,1.69231,0.681818,2.5
56,22,78,31,6,41,99916,6,16,72,31,10,0,6,16,10,12,1.375,0.545455,2
57,18,84,35,5,44,99913,3,16,79,35,10,0,5,15,10,8,1.2,0.444444,1.6
58,17,98,40,6,52,99899,3,16,92,40,8,0,6,14,8,9,1.21429,0.529412,1.5
59,27,106,43,8,55,99887,7,16,98,43,12,0,8,20,12,15,1.35,0.555556,1.875
60,16,66,28,3,35,99928,6,16,63,28,7,0,3,10,7,9,1.6,0.5625,3
61,11,60,26,3,31,99939,1,16,57,26,7,0,3,10,7,4,1.1,0.363636,1.33333
62,15,70,30,4,36,99925,5,16,66,30,6,0,4,10,6,9,1.5,0.6,2.25
63,17,98,41,6,51,99898,4,16,92,41,7,0,6,13,7,10,1.30769,0.588235,1.66667
64,19,72,28,6,38,99922,6,16,66,28,7,0,6,13,7,12,1.46154,0.631579,2
65,11,54,24,3,27,99941,5,16,51,24,3,0,3,6,3,8,1.83333,0.727273,2.66667
66,25,92,37,7,48,99897,11,16,85,37,7,0,7,14,7,18,1.78571,0.72,2.57143
67,21,75,31,6,38,99914,11,16,69,31,4,0,6,10,4,17,2.1,0.809524,2.83333
68,21,87,33,8,46,99907,6,16,79,33,7,0,8,15,7,14,1.4,0.666667,1.75
69,26,80,30,7,43,99916,4,16,73,30,15,0,7,22,15,11,1.18182,0.423077,1.57143
70,15,55,22,4,29,99939,6,16,51,22,5,0,4,9,5,10,1.66667,0.666667,2.5
71,27,101,42,8,51,99888,11,16,93,42,8,0,8,16,8,19,1.6875,0.703704,2.375
72,21,84,35,6,43,99910,6,16,78,35,9,0,6,15,9,12,1.4,0.571429,2
73,20,87,32,9,46,99910,3,16,78,32,8,0,9,17,8,12,1.17647,0.6,1.33333
74,16,78,30,6,42,99919,3,16,72,30,7,0,6,13,7,9,1.23077,0.5625,1.5
75,20,82,35,4,43,99910,8,16,78,35,8,0,4,12,8,12,1.66667,0.6,3
76,13,81,35,3,43,99917,2,16,78,35,8,0,3,11,8,5,1.18182,0.384615,1.66667
77,18,75,32,4,39,99921,4,16,71,32,10,0,4,14,10,8,1.28571,0.444444,2
78,26,64,25,5,34,99926,10,16,59,25,11,0,5,16,11,15,1.625,0.576923,3
79,14,81,35,4,42,99914,5,16,77,35,5,0,4,9,5,9,1.55556,0.642857,2.25
80,16,103,43,4,56,99896,1,16,99,43,11,0,4,15,11,5,1.06667,0.3125,1.25
81,28,113,44,7,62,99885,2,16,106,44,19,0,7,26,19,9,1.07692,0.321429,1.28571
82,16,126,55,4,67,99872,2,16,122,55,10,0,4,14,10,6,1.14286,0.375,1.5
83,15,89,37,4,48,99911,0,16,85,37,11,0,4,15,11,4,1,0.266667,1
84,36,125,45,13,67,99869,6,16,112,45,17,0,13,30,17,19,1.2,0.527778,1.46154
85,14,57,22,4,31,99942,1,16,53,22,9,0,4,13,9,5,1.07692,0.357143,1.25
86,20,80,30,7,43,99916,4,16,73,30,9,0,7,16,9,11,1.25,0.55,1.57143
87,19,80,30,7,43,99918,2,16,73,30,10,0,7,17,10,9,1.11765,0.473684,1.28571
88,21,135,58,6,71,99863,2,16,129,58,13,0,6,19,13,8,1.10526,0.380952,1.33333
89,17,114,48,6,60,99884,2,16,108,48,9,0,6,15,9,8,1.13333,0.470588,1.33333
90,28,91,34,10,47,99897,12,16,81,34,6,0,10,16,6,22,1.75,0.785714,2.2
91,25,75,29,6,40,99916,9,16,69,29,10,0,6,16,10,15,1.5625,0.6,2.5
92,24,119,51,7,61,99874,7,16,112,51,10,0,7,17,10,14,1.41176,0.583333,2
93,21,84,31,7,46,99913,3,16,77,31,11,0,7,18,11,10,1.16667,0.47619,1.42857
94,14,76,31,4,41,99918,6,16,72,31,4,0,4,8,4,10,1.75,0.714286,2.5
95,17,59,21,7,31,99937,4,16,52,21,6,0,7,13,6,11,1.30769,0.647059,1.57143
96,25,95,38,7,50,99897,8,16,88,38,10,0,7,17,10,15,1.47059,0.6,2.14286
97,20,74,27,8,39,99919,7,16,66,27,5,0,8,13,5,15,1.53846,0.75,1.875
98,25,94,41,4,49,99896,10,16,90,41,11,0,4,15,11,14,1.66667,0.56,3.5
99,23,81,32,6,43,99912,7,16,75,32,10,0,6,16,10,13,1.4375,0.565217,2.16667
100,9,63,28,2,33,99932,5,16,61,28,2,0,2,4,2,7,2.25,0.777778,3.5
101,14,77,35,2,40,99918,5,16,75,35,7,0,2,9,7,7,1.55556,0.5,3.5
102,28,105,45,6,54,99882,13,16,99,45,9,0,6,15,9,19,1.86667,0.678571,3.16667
103,26,104,43,7,54,99886,10,16,97,43,9,0,7,16,9,17,1.625,0.653846,2.42857
104,21,55,18,7,30,99942,3,16,48,18,11,0,7,18,11,10,1.16667,0.47619,1.42857
105,16,69,30,3,36,99929,2,16,66,30,11,0,3,14,11,5,1.14286,0.3125,1.66667
106,22,100,40,7,53,99895,5,16,93,40,10,0,7,17,10,12,1.29412,0.545455,1.71429
107,19,74,29,6,39,99920,6,16,68,29,7,0,6,13,7,12,1.46154,0.631579,2
108,21,92,36,7,49,99903,5,16,85,36,9,0,7,16,9,12,1.3125,0.571429,1.71429
109,21,76,26,8,42,99921,3,16,68,26,10,0,8,18,10,11,1.16667,0.52381,1.375
110,15,119,53,4,62,99875,6,16,115,53,5,0,4,9,5,10,1.66667,0.666667,2.5
111,21,118,50,6,62,99873,9,16,112,50,6,0,6,12,6,15,1.75,0.714286,2.5
112,12,79,33,3,43,99920,1,16,76,33,8,0,3,11,8,4,1.09091,0.333333,1.33333
113,18,129,54,7,68,99868,3,16,122,54,8,0,7,15,8,10,1.2,0.555556,1.42857
114,21,71,29,5,37,99922,7,16,66,29,9,0,5,14,9,12,1.5,0.571429,2.4
115,19,96,41,5,50,99901,3,16,91,41,11,0,5,16,11,8,1.1875,0.421053,1.6
116,21,125,54,4,67,99872,3,16,121,54,14,0,4,18,14,7,1.16667,0.333333,1.75
117,24,71,26,8,37,99924,5,16,63,26,11,0,8,19,11,13,1.26316,0.541667,1.625
118,23,88,35,7,46,99904,8,16,81,35,8,0,7,15,8,15,1.53333,0.652174,2.14286
119,16,97,44,2,51,99901,2,16,95,44,12,0,2,14,12,4,1.14286,0.25,2
120,21,68,27,5,36,99925,7,16,63,27,9,0,5,14,9,12,1.5,0.571429,2.4
121,26,66,26,6,34,99920,14,16,60,26,6,0,6,12,6,20,2.16667,0.769231,3.33333
122,25,102,41,9,52,99889,9,16,93,41,7,0,9,16,7,18,1.5625,0.72,2
123,19,74,30,5,39,99917,9,16,69,30,5,0,5,10,5,14,1.9,0.736842,2.8
124,14,72,29,5,38,99926,2,16,67,29,7,0,5,12,7,7,1.16667,0.5,1.4
125,16,71,26,7,38,99928,1,16,64,26,8,0,7,15,8,8,1.06667,0.5,1.14286
126,28,86,32,8,46,99903,11,16,78,32,9,0,8,17,9,19,1.64706,0.678571,2.375
127,21,122,48,9,65,99874,4,16,113,48,8,0,9,17,8,13,1.23529,0.619048,1.44444
128,17,81,33,5,43,99913,6,16,76,33,6,0,5,11,6,11,1.54545,0.647059,2.2
129,26,90,34,7,49,99904,6,16,83,34,13,0,7,20,13,13,1.3,0.5,1.85714
130,32,121,51,8,62,99866,13,16,113,51,11,0,8,19,11,21,1.68421,0.65625,2.625
131,12,67,28,4,35,99928,5,16,63,28,3,0,4,7,3,9,1.71429,0.75,2.25
132,24,92,34,9,49,99902,6,16,83,34,9,0,9,18,9,15,1.33333,0.625,1.66667
133,15,67,27,5,35,99930,3,16,62,27,7,0,5,12,7,8,1.25,0.533333,1.6
134,34,129,51,10,68,99860,11,16,119,51,13,0,10,23,13,21,1.47826,0.617647,2.1
135,20,119,52,4,63,99876,5,16,115,52,11,0,4,15,11,9,1.33333,0.45,2.25
136,20,111,45,7,59,99885,4,16,104,45,9,0,7,16,9,11,1.25,0.55,1.57143
137,21,86,33,7,46,99911,3,16,79,33,11,0,7,18,11,10,1.16667,0.47619,1.42857
138,20,109,41,9,59,99888,3,16,100,41,8,0,9,17,8,12,1.17647,0.6,1.33333
139,16,65,24,7,34,99929,6,16,58,24,3,0,7,10,3,13,1.6,0.8125,1.85714
140,18,119,50,6,63,99876,5,16,113,50,7,0,6,13,7,11,1.38462,0.611111,1.83333
141,15,68,29,3,36,99929,3,16,65,29,9,0,3,12,9,6,1.25,0.4,2
142,16,86,35,6,45,99907,7,16,80,35,3,0,6,9,3,13,1.77778,0.8125,2.16667
143,27,79,27,10,42,99914,7,16,69,27,10,0,10,20,10,17,1.35,0.62963,1.7
144,34,134,54,8,72,99855,11,16,126,54,15,0,8,23,15,19,1.47826,0.558824,2.375
145,18,46,18,4,24,99945,9,16,42,18,5,0,4,9,5,13,2,0.722222,3.25
146,23,108,46,5,57,99887,5,16,103,46,13,0,5,18,13,10,1.27778,0.434783,2
147,23,70,25,8,37,99922,8,16,62,25,7,0,8,15,7,16,1.53333,0.695652,2
148,20,80,32,6,42,99913,7,16,74,32,7,0,6,13,7,13,1.53846,0.65,2.16667
149,23,75,30,5,40,99918,7,16,70,30,11,0,5,16,11,12,1.4375,0.521739,2.4
150,21,141,61,6,74,99853,6,16,135,61,9,0,6,15,9,12,1.4,0.571429,2
151,17,92,39,4,49,99905,3,16,88,39,10,0,4,14,10,7,1.21429,0.411765,1.75
152,21,137,57,8,72,99860,3,16,129,57,10,0,8,18,10,11,1.16667,0.52381,1.375
153,23,97,34,11,52,99899,4,16,86,34,8,0,11,19,8,15,1.21053,0.652174,1.36364
154,20,68,25,7,36,99928,4,16,61,25,9,0,7,16,9,11,1.25,0.55,1.57143
155,22,71,27,6,38,99926,3,16,65,27,13,0,6,19,13,9,1.15789,0.409091,1.5
156,23,114,44,9,61,99883,3,16,105,44,11,0,9,20,11,12,1.15,0.521739,1.33333
157,22,71,27,7,37,99924,5,16,64,27,10,0,7,17,10,12,1.29412,0.545455,1.71429
158,21,90,35,6,49,99908,2,16,84,35,13,0,6,19,13,8,1.10526,0.380952,1.33333
159,18,94,42,4,48,99903,3,16,90,42,11,0,4,15,11,7,1.2,0.388889,1.75
160,11,96,41,5,50,99900,4,16,91,41,2,0,5,7,2,9,1.57143,0.818182,1.8
161,19,86,32,7,47,99912,2,16,79,32,10,0,7,17,10,9,1.11765,0.473684,1.28571
162,15,91,39,4,48,99908,1,16,87,39,10,0,4,14,10,5,1.07143,0.333333,1.25
163,19,107,44,7,56,99888,5,16,100,44,7,0,7,14,7,12,1.35714,0.631579,1.71429
164,16,103,42,7,54,99891,6,16,96,42,3,0,7,10,3,13,1.6,0.8125,1.85714
165,16,70,28,5,37,99925,5,16,65,28,6,0,5,11,6,10,1.45455,0.625,2
166,16,124,52,6,66,99873,3,16,118,52,7,0,6,13,7,9,1.23077,0.5625,1.5
167,13,86,36,4,46,99912,2,16,82,36,7,0,4,11,7,6,1.18182,0.461538,1.5
168,15,54,22,4,28,99941,5,16,50,22,6,0,4,10,6,9,1.5,0.6,2.25
169,19,57,20,7,30,99936,7,16,50,20,5,0,7,12,5,14,1.58333,0.736842,2
170,19,108,44,7,57,99889,3,16,101,44,9,0,7,16,9,10,1.1875,0.526316,1.42857
171,20,89,33,8,48,99905,6,16,81,33,6,0,8,14,6,14,1.42857,0.7,1.75
172,9,64,28,3,33,99931,5,16,61,28,1,0,3,4,1,8,2.25,0.888889,2.66667
173,20,100,40,8,52,99896,4,16,92,40,8,0,8,16,8,12,1.25,0.6,1.5
174,21,84,33,6,45,99907,9,16,78,33,6,0,6,12,6,15,1.75,0.714286,2.5
175,22,55,22,5,28,99936,9,16,50,22,8,0,5,13,8,14,1.69231,0.636364,2.8
176,16,88,35,6,47,99906,6,16,82,35,4,0,6,10,4,12,1.6,0.75,2
177,18,81,33,5,43,99913,6,16,76,33,7,0,5,12,7,11,1.5,0.611111,2.2
178,21,138,58,7,73,99859,3,16,131,58,11,0,7,18,11,10,1.16667,0.47619,1.42857
179,19,127,55,5,67,99871,2,16,122,55,12,0,5,17,12,7,1.11765,0.368421,1.4
180,13,82,37,3,42,99916,2,16,79,37,8,0,3,11,8,5,1.18182,0.384615,1.66667
181,38,175,65,16,94,99819,6,16,159,65,16,0,16,32,16,22,1.1875,0.578947,1.375
182,21,87,37,3,47,99908,5,16,84,37,13,0,3,16,13,8,1.3125,0.380952,2.66667
183,12,50,23,2,25,99944,6,16,48,23,4,0,2,6,4,8,2,0.666667,4
184,16,71,28,5,38,99927,2,16,66,28,9,0,5,14,9,7,1.14286,0.4375,1.4
185,11,102,45,4,53,99896,2,16,98,45,5,0,4,9,5,6,1.22222,0.545455,1.5
186,20,71,28,5,38,99923,6,16,66,28,9,0,5,14,9,11,1.42857,0.55,2.2
187,31,90,36,8,46,99894,16,16,82,36,7,0,8,15,7,24,2.06667,0.774194,3
188,17,84,34,7,43,99912,4,16,77,34,6,0,7,13,6,11,1.30769,0.647059,1.57143
189,20,84,35,6,43,99909,7,16,78,35,7,0,6,13,7,13,1.53846,0.65,2.16667
190,25,118,49,7,62,99875,7,16,111,49,11,0,7,18,11,14,1.38889,0.56,2
191,17,81,35,3,43,99917,2,16,78,35,12,0,3,15,12,5,1.13333,0.294118,1.66667
192,28,101,43,6,52,99886,13,16,95,43,9,0,6,15,9,19,1.86667,0.678571,3.16667
193,13,80,36,3,41,99915,5,16,77,36,5,0,3,8,5,8,1.625,0.615385,2.66667
194,13,71,30,3,38,99927,2,16,68,30,8,0,3,11,8,5,1.18182,0.384615,1.66667
195,21,79,32,6,41,99914,7,16,73,32,8,0,6,14,8,13,1.5,0.619048,2.16667
196,17,93,39,5,49,99901,6,16,88,39,6,0,5,11,6,11,1.54545,0.647059,2.2
197,17,77,31,7,39,99918,5,16,70,31,5,0,7,12,5,12,1.41667,0.705882,1.71429
198,23,116,49,5,62,99880,4,16,111,49,14,0,5,19,14,9,1.21053,0.391304,1.8
199,14,74,31,4,39,99923,3,16,70,31,7,0,4,11,7,7,1.27273,0.5,1.75
200,13,80,36,2,42,99918,2,16,78,36,9,0,2,11,9,4,1.18182,0.307692,2
201,17,68,25,6,37,99926,6,16,62,25,5,0,6,11,5,12,1.54545,0.705882,2
202,21,79,33,5,41,99913,8,16,74,33,8,0,5,13,8,13,1.61538,0.619048,2.6
203,26,98,40,6,52,99892,10,16,92,40,10,0,6,16,10,16,1.625,0.615385,2.66667
204,14,101,41,6,54,99897,2,16,95,41,6,0,6,12,6,8,1.16667,0.571429,1.33333
205,20,96,38,7,51,99900,4,16,89,38,9,0,7,16,9,11,1.25,0.55,1.57143
206,19,88,40,3,45,99906,6,16,85,40,10,0,3,13,10,9,1.46154,0.473684,3
207,15,85,38,2,45,99914,1,16,83,38,12,0,2,14,12,3,1.07143,0.2,1.5
208,14,98,37,7,54,99902,0,16,91,37,7,0,7,14,7,7,1,0.5,1
209,18,77,29,8,40,99917,6,16,69,29,4,0,8,12,4,14,1.5,0.777778,1.75
210,24,57,21,7,29,99932,11,16,50,21,6,0,7,13,6,18,1.84615,0.75,2.57143
211,13,124,56,4,64,99872,4,16,120,56,5,0,4,9,5,8,1.44444,0.615385,2
212,14,81,34,5,42,99916,3,16,76,34,6,0,5,11,6,8,1.27273,0.571429,1.6
213,22,105,40,10,55,99889,6,16,95,40,6,0,10,16,6,16,1.375,0.727273,1.6
214,24,66,26,5,35,99927,7,16,61,26,12,0,5,17,12,12,1.41176,0.5,2.4
215,24,71,23,8,40,99924,5,16,63,23,11,0,8,19,11,13,1.26316,0.541667,1.625
216,20,97,36,9,52,99901,2,16,88,36,9,0,9,18,9,11,1.11111,0.55,1.22222
217,25,67,24,7,36,99923,10,16,60,24,8,0,7,15,8,17,1.66667,0.68,2.42857
218,15,61,26,4,31,99933,6,16,57,26,5,0,4,9,5,10,1.66667,0.666667,2.5
219,22,79,29,9,41,99916,5,16,70,29,8,0,9,17,8,14,1.29412,0.636364,1.55556
220,17,88,37,4,47,99911,1,16,84,37,12,0,4,16,12,5,1.0625,0.294118,1.25
221,31,103,38,10,55,99889,8,16,93,38,13,0,10,23,13,18,1.34783,0.580645,1.8
222,22,89,37,7,45,99900,11,16,82,37,4,0,7,11,4,18,2,0.818182,2.57143
223,18,87,32,9,46,99910,3,16,78,32,6,0,9,15,6,12,1.2,0.666667,1.33333
224,21,93,36,7,50,99904,3,16,86,36,11,0,7,18,11,10,1.16667,0.47619,1.42857
225,18,83,34,6,43,99910,7,16,77,34,5,0,6,11,5,13,1.63636,0.722222,2.16667
226,19,86,35,7,44,99904,10,16,79,35,2,0,7,9,2,17,2.11111,0.894737,2.42857
227,27,101,41,6,54,99890,9,16,95,41,12,0,6,18,12,15,1.5,0.555556,2.5
228,18,89,34,7,48,99908,3,16,82,34,8,0,7,15,8,10,1.2,0.555556,1.42857
229,21,75,31,5,39,99921,4,16,70,31,12,0,5,17,12,9,1.23529,0.428571,1.8
230,29,90,36,7,47,99898,12,16,83,36,10,0,7,17,10,19,1.70588,0.655172,2.71429
231,22,89,34,9,46,99904,7,16,80,34,6,0,9,15,6,16,1.46667,0.727273,1.77778
232,25,103,40,8,55,99894,3,16,95,40,14,0,8,22,14,11,1.13636,0.44,1.375
233,13,93,43,3,47,99902,5,16,90,43,5,0,3,8,5,8,1.625,0.615385,2.66667
234,18,77,33,4,40,99918,5,16,73,33,9,0,4,13,9,9,1.38462,0.5,2.25
235,14,70,32,3,35,99924,6,16,67,32,5,0,3,8,5,9,1.75,0.642857,3
236,24,94,35,8,51,99900,6,16,86,35,10,0,8,18,10,14,1.33333,0.583333,1.75
237,19,76,28,7,41,99918,6,16,69,28,6,0,7,13,6,13,1.46154,0.684211,1.85714
238,27,79,31,7,41,99910,11,16,72,31,9,0,7,16,9,18,1.6875,0.666667,2.57143
239,17,87,35,6,46,99907,6,16,81,35,5,0,6,11,5,12,1.54545,0.705882,2
240,17,99,41,5,53,99899,2,16,94,41,10,0,5,15,10,7,1.13333,0.411765,1.4
241,20,74,29,6,39,99920,6,16,68,29,8,0,6,14,8,12,1.42857,0.6,2
242,14,68,28,5,35,99926,6,16,63,28,3,0,5,8,3,11,1.75,0.785714,2.2
243,20,68,27,6,35,99923,9,16,62,27,5,0,6,11,5,15,1.81818,0.75,2.5
244,18,64,23,8,33,99932,4,16,56,23,6,0,8,14,6,12,1.28571,0.666667,1.5
245,19,94,38,7,49,99903,3,16,87,38,9,0,7,16,9,10,1.1875,0.526316,1.42857
246,22,111,47,7,57,99881,8,16,104,47,7,0,7,14,7,15,1.57143,0.681818,2.14286
247,32,73,24,10,39,99918,9,16,63,24,13,0,10,23,13,19,1.3913,0.59375,1.9
248,14,83,35,5,43,99914,3,16,78,35,6,0,5,11,6,8,1.27273,0.571429,1.6
249,17,76,30,5,41,99920,4,16,71,30,8,0,5,13,8,9,1.30769,0.529412,1.8
250,15,64,25,5,34,99933,3,16,59,25,7,0,5,12,7,8,1.25,0.533333,1.6
251,22,95,38,6,51,99903,2,16,89,38,14,0,6,20,14,8,1.1,0.363636,1.33333
252,16,79,34,5,40,99914,7,16,74,34,4,0,5,9,4,12,1.77778,0.75,2.4
253,24,67,28,5,34,99920,13,16,62,28,6,0,5,11,6,18,2.18182,0.75,3.6
254,16,88,39,4,45,99909,3,16,84,39,9,0,4,13,9,7,1.23077,0.4375,1.75
255,27,97,40,7,50,99894,9,16,90,40,11,0,7,18,11,16,1.5,0.592593,2.28571
256,18,69,29,4,36,99925,6,16,65,29,8,0,4,12,8,10,1.5,0.555556,2.5
257,28,115,46,9,60,99880,5,16,106,46,14,0,9,23,14,14,1.21739,0.5,1.55556
258,23,92,36,6,50,99902,6,16,86,36,11,0,6,17,11,12,1.35294,0.521739,2
259,25,133,57,6,70,99860,7,16,127,57,12,0,6,18,12,13,1.38889,0.52,2.16667
260,14,71,27,6,38,99928,1,16,65,27,7,0,6,13,7,7,1.07692,0.5,1.16667
261,21,108,47,4,57,99880,12,16,104,47,5,0,4,9,5,16,2.33333,0.761905,4
262,19,88,36,6,46,99907,5,16,82,36,8,0,6,14,8,11,1.35714,0.578947,1.83333
263,11,56,24,4,28,99942,2,16,52,24,5,0,4,9,5,6,1.22222,0.545455,1.5
264,30,118,48,7,63,99871,11,16,111,48,12,0,7,19,12,18,1.57895,0.6,2.57143
265,18,104,41,7,56,99893,3,16,97,41,8,0,7,15,8,10,1.2,0.555556,1.42857
266,14,72,30,2,40,99927,1,16,70,30,11,0,2,13,11,3,1.07692,0.214286,1.5
267,21,106,43,6,57,99891,3,16,100,43,12,0,6,18,12,9,1.16667,0.428571,1.5
268,15,80,34,3,43,99918,2,16,77,34,10,0,3,13,10,5,1.15385,0.333333,1.66667
269,18,84,33,6,45,99915,1,16,78,33,11,0,6,17,11,7,1.05882,0.388889,1.16667
270,20,96,40,5,51,99900,4,16,91,40,11,0,5,16,11,9,1.25,0.45,1.8
271,23,97,37,8,52,99896,7,16,89,37,8,0,8,16,8,15,1.4375,0.652174,1.875
272,23,32,12,4,16,99953,15,16,28,12,4,0,4,8,4,19,2.875,0.826087,4.75
273,11,61,27,2,32,99938,1,16,59,27,8,0,2,10,8,3,1.1,0.272727,1.5
274,13,49,21,3,25,99946,5,16,46,21,5,0,3,8,5,8,1.625,0.615385,2.66667
275,19,76,28,7,41,99918,6,16,69,28,6,0,7,13,6,13,1.46154,0.684211,1.85714
276,25,96,36,10,50,99894,10,16,86,36,5,0,10,15,5,20,1.66667,0.8,2
277,29,90,31,10,49,99903,7,16,80,31,12,0,10,22,12,17,1.31818,0.586207,1.7
278,15,80,32,6,42,99917,3,16,74,32,6,0,6,12,6,9,1.25,0.6,1.5
279,20,97,39,7,51,99897,6,16,90,39,7,0,7,14,7,13,1.42857,0.65,1.85714
280,18,89,40,3,46,99905,6,16,86,40,9,0,3,12,9,9,1.5,0.5,3
281,14,83,31,6,46,99916,1,16,77,31,7,0,6,13,7,7,1.07692,0.5,1.16667
282,17,63,25,5,33,99930,7,16,58,25,5,0,5,10,5,12,1.7,0.705882,2.4
283,22,85,34,7,44,99907,8,16,78,34,7,0,7,14,7,15,1.57143,0.681818,2.14286
284,23,102,37,10,55,99893,5,16,92,37,8,0,10,18,8,15,1.27778,0.652174,1.5
285,20,94,38,6,50,99900,6,16,88,38,8,0,6,14,8,12,1.42857,0.6,2
286,20,112,47,8,57,99881,7,16,104,47,5,0,8,13,5,15,1.53846,0.75,1.875
287,21,63,24,6,33,99930,7,16,57,24,8,0,6,14,8,13,1.5,0.619048,2.16667
288,23,58,19,8,31,99935,7,16,50,19,8,0,8,16,8,15,1.4375,0.652174,1.875
289,21,102,44,5,53,99888,10,16,97,44,6,0,5,11,6,15,1.90909,0.714286,3
290,17,111,49,4,58,99887,2,16,107,49,11,0,4,15,11,6,1.13333,0.352941,1.5
291,21,79,31,7,41,99912,9,16,72,31,5,0,7,12,5,16,1.75,0.761905,2.28571
292,19,69,27,6,36,99926,5,16,63,27,8,0,6,14,8,11,1.35714,0.578947,1.83333
293,25,120,46,9,65,99874,6,16,111,46,10,0,9,19,10,15,1.31579,0.6,1.66667
294,19,62,23,6,33,99933,5,16,56,23,8,0,6,14,8,11,1.35714,0.578947,1.83333
295,13,80,35,4,41,99917,3,16,76,35,6,0,4,10,6,7,1.3,0.538462,1.75
296,26,87,32,9,46,99906,7,16,78,32,10,0,9,19,10,16,1.36842,0.615385,1.77778
297,17,120,52,6,62,99874,6,16,114,52,5,0,6,11,5,12,1.54545,0.705882,2
298,16,79,33,4,42,99919,2,16,75,33,10,0,4,14,10,6,1.14286,0.375,1.5
299,16,92,39,5,48,99904,4,16,87,39,7,0,5,12,7,9,1.33333,0.5625,1.8
300,16,63,26,5,32,99931,6,16,58,26,5,0,5,10,5,11,1.6,0.6875,2.2
301,23,89,34,8,47,99904,7,16,81,34,8,0,8,16,8,15,1.4375,0.652174,1.875
302,16,63,25,5,33,99933,4,16,58,25,7,0,5,12,7,9,1.33333,0.5625,1.8
303,15,121,52,7,62,99875,4,16,114,52,4,0,7,11,4,11,1.36364,0.733333,1.57143
304,14,113,47,6,60,99885,2,16,107,47,6,0,6,12,6,8,1.16667,0.571429,1.33333
305,15,113,46,7,60,99884,3,16,106,46,5,0,7,12,5,10,1.25,0.666667,1.42857
306,26,101,40,8,53,99890,9,16,93,40,9,0,8,17,9,17,1.52941,0.653846,2.125
307,22,83,34,6,43,99909,8,16,77,34,8,0,6,14,8,14,1.57143,0.636364,2.33333
308,24,85,34,6,45,99903,12,16,79,34,6,0,6,12,6,18,2,0.75,3
309,20,81,33,5,43,99913,6,16,76,33,9,0,5,14,9,11,1.42857,0.55,2.2
310,28,76,27,9,40,99914,10,16,67,27,9,0,9,18,9,19,1.55556,0.678571,2.11111
311,14,70,28,5,37,99926,4,16,65,28,5,0,5,10,5,9,1.4,0.642857,1.8
312,22,62,24,6,32,99927,11,16,56,24,5,0,6,11,5,17,2,0.772727,2.83333
313,23,84,33,7,44,99904,12,16,77,33,4,0,7,11,4,19,2.09091,0.826087,2.71429
314,18,73,30,4,39,99921,6,16,69,30,8,0,4,12,8,10,1.5,0.555556,2.5
315,25,68,28,5,35,99919,13,16,63,28,7,0,5,12,7,18,2.08333,0.72,3.6
316,11,47,18,5,24,99951,2,16,42,18,4,0,5,9,4,7,1.22222,0.636364,1.4
317,17,80,30,7,43,99917,3,16,73,30,7,0,7,14,7,10,1.21429,0.588235,1.42857
318,16,93,37,5,51,99906,1,16,88,37,10,0,5,15,10,6,1.06667,0.375,1.2
319,19,67,28,5,34,99927,6,16,62,28,8,0,5,13,8,11,1.46154,0.578947,2.2
320,16,99,42,6,51,99895,6,16,93,42,4,0,6,10,4,12,1.6,0.75,2
321,18,67,28,4,35,99927,6,16,63,28,8,0,4,12,8,10,1.5,0.555556,2.5
322,17,89,36,6,47,99905,6,16,83,36,5,0,6,11,5,12,1.54545,0.705882,2
323,19,123,52,7,64,99873,4,16,116,52,8,0,7,15,8,11,1.26667,0.578947,1.57143
324,25,94,34,9,51,99902,4,16,85,34,12,0,9,21,12,13,1.19048,0.52,1.44444
325,19,117,49,5,63,99882,1,16,112,49,13,0,5,18,13,6,1.05556,0.315789,1.2
326,22,90,37,5,48,99902,8,16,85,37,9,0,5,14,9,13,1.57143,0.590909,2.6
327,22,92,38,5,49,99902,6,16,87,38,11,0,5,16,11,11,1.375,0.5,2.2
328,16,82,36,4,42,99912,6,16,78,36,6,0,4,10,6,10,1.6,0.625,2.5
329,18,92,40,4,48,99902,6,16,88,40,8,0,4,12,8,10,1.5,0.555556,2.5
330,17,97,39,6,52,99900,3,16,91,39,8,0,6,14,8,9,1.21429,0.529412,1.5
331,27,83,30,9,44,99908,9,16,74,30,9,0,9,18,9,18,1.5,0.666667,2
332,13,71,32,1,38,99925,4,16,70,32,8,0,1,9,8,5,1.44444,0.384615,5
333,17,100,44,4,52,99897,3,16,96,44,10,0,4,14,10,7,1.21429,0.411765,1.75
334,17,58,24,4,30,99936,6,16,54,24,7,0,4,11,7,10,1.54545,0.588235,2.5
335,17,74,32,3,39,99924,2,16,71,32,12,0,3,15,12,5,1.13333,0.294118,1.66667
336,28,72,24,9,39,99922,6,16,63,24,13,0,9,22,13,15,1.27273,0.535714,1.66667
337,14,89,37,4,48,99909,2,16,85,37,8,0,4,12,8,6,1.16667,0.428571,1.5
338,29,96,37,8,51,99894,10,16,88,37,11,0,8,19,11,18,1.52632,0.62069,2.25
339,20,103,41,7,55,99895,2,16,96,41,11,0,7,18,11,9,1.11111,0.45,1.28571
340,22,105,44,5,56,99890,5,16,100,44,12,0,5,17,12,10,1.29412,0.454545,2
341,17,80,34,4,42,99915,5,16,76,34,8,0,4,12,8,9,1.41667,0.529412,2.25
342,11,88,39,3,46,99911,1,16,85,39,7,0,3,10,7,4,1.1,0.363636,1.33333
343,16,81,33,6,42,99915,4,16,75,33,6,0,6,12,6,10,1.33333,0.625,1.66667
344,18,113,45,8,60,99884,3,16,105,45,7,0,8,15,7,11,1.2,0.611111,1.375
345,11,83,38,2,43,99915,2,16,81,38,7,0,2,9,7,4,1.22222,0.363636,2
346,25,107,43,6,58,99883,10,16,101,43,9,0,6,15,9,16,1.66667,0.64,2.66667
347,17,69,29,5,35,99923,8,16,64,29,4,0,5,9,4,13,1.88889,0.764706,2.6
348,18,66,30,2,34,99929,5,16,64,30,11,0,2,13,11,7,1.38462,0.388889,3.5
349,22,112,46,8,58,99880,8,16,104,46,6,0,8,14,6,16,1.57143,0.727273,2
350,17,79,31,7,41,99915,6,16,72,31,4,0,7,11,4,13,1.54545,0.764706,1.85714
351,13,75,32,5,38,99922,3,16,70,32,5,0,5,10,5,8,1.3,0.615385,1.6
352,23,101,40,8,53,99893,6,16,93,40,9,0,8,17,9,14,1.35294,0.608696,1.75
353,20,72,27,7,38,99924,4,16,65,27,9,0,7,16,9,11,1.25,0.55,1.57143
354,25,93,36,8,49,99897,10,16,85,36,7,0,8,15,7,18,1.66667,0.72,2.25
355,30,108,40,9,59,99887,5,16,99,40,16,0,9,25,16,14,1.2,0.466667,1.55556
356,15,68,30,3,35,99928,4,16,65,30,8,0,3,11,8,7,1.36364,0.466667,2.33333
357,16,99,39,7,53,99898,3,16,92,39,6,0,7,13,6,10,1.23077,0.625,1.42857
358,20,123,54,4,65,99874,3,16,119,54,13,0,4,17,13,7,1.17647,0.35,1.75
359,19,70,27,5,38,99928,2,16,65,27,12,0,5,17,12,7,1.11765,0.368421,1.4
360,24,129,56,6,67,99863,8,16,123,56,10,0,6,16,10,14,1.5,0.583333,2.33333
361,19,107,43,7,57,99890,3,16,100,43,9,0,7,16,9,10,1.1875,0.526316,1.42857
362,16,75,31,3,41,99923,2,16,72,31,11,0,3,14,11,5,1.14286,0.3125,1.66667
363,27,116,43,11,62,99880,4,16,105,43,12,0,11,23,12,15,1.17391,0.555556,1.36364
364,38,160,62,14,84,99828,12,16,146,62,12,0,14,26,12,26,1.46154,0.684211,1.85714
365,21,96,40,5,51,99898,6,16,91,40,10,0,5,15,10,11,1.4,0.52381,2.2
366,21,110,47,6,57,99884,6,16,104,47,9,0,6,15,9,12,1.4,0.571429,2
367,16,53,19,6,28,99943,4,16,47,19,6,0,6,12,6,10,1.33333,0.625,1.66667
368,17,61,23,6,32,99936,3,16,55,23,8,0,6,14,8,9,1.21429,0.529412,1.5
369,22,95,37,8,50,99898,7,16,87,37,7,0,8,15,7,15,1.46667,0.681818,1.875
370,23,109,44,7,58,99885,6,16,102,44,10,0,7,17,10,13,1.35294,0.565217,1.85714
371,19,79,30,7,42,99915,6,16,72,30,6,0,7,13,6,13,1.46154,0.684211,1.85714
372,17,99,42,5,52,99898,3,16,94,42,9,0,5,14,9,8,1.21429,0.470588,1.6
373,16,76,31,6,39,99921,3,16,70,31,7,0,6,13,7,9,1.23077,0.5625,1.5
374,13,75,32,4,39,99920,5,16,71,32,4,0,4,8,4,9,1.625,0.692308,2.25
375,20,89,34,7,48,99907,4,16,82,34,9,0,7,16,9,11,1.25,0.55,1.57143
376,27,73,27,9,37,99915,12,16,64,27,6,0,9,15,6,21,1.8,0.777778,2.33333
377,19,66,25,7,34,99927,7,16,59,25,5,0,7,12,5,14,1.58333,0.736842,2
378,21,86,33,7,46,99907,7,16,79,33,7,0,7,14,7,14,1.5,0.666667,2
379,21,124,51,8,65,99872,4,16,116,51,9,0,8,17,9,12,1.23529,0.571429,1.5
380,23,79,29,7,43,99917,4,16,72,29,12,0,7,19,12,11,1.21053,0.478261,1.57143
381,21,74,29,6,39,99919,7,16,68,29,8,0,6,14,8,13,1.5,0.619048,2.16667
382,10,76,32,4,40,99922,2,16,72,32,4,0,4,8,4,6,1.25,0.6,1.5
383,12,89,39,4,46,99910,1,16,85,39,7,0,4,11,7,5,1.09091,0.416667,1.25
384,12,86,34,5,47,99914,0,16,81,34,7,0,5,12,7,5,1,0.416667,1
385,20,64,28,3,33,99924,12,16,61,28,5,0,3,8,5,15,2.5,0.75,5
386,19,124,50,7,67,99874,2,16,117,50,10,0,7,17,10,9,1.11765,0.473684,1.28571
387,21,99,39,7,53,99897,4,16,92,39,10,0,7,17,10,11,1.23529,0.52381,1.57143
388,17,95,41,4,50,99901,4,16,91,41,9,0,4,13,9,8,1.30769,0.470588,2
389,19,83,34,5,44,99910,7,16,78,34,7,0,5,12,7,12,1.58333,0.631579,2.4
390,18,118,54,3,61,99874,8,16,115,54,7,0,3,10,7,11,1.8,0.611111,3.66667
391,27,73,30,5,38,99916,11,16,68,30,11,0,5,16,11,16,1.6875,0.592593,3.2
392,26,107,48,4,55,99880,13,16,103,48,9,0,4,13,9,17,2,0.653846,4.25
393,17,99,40,7,52,99898,3,16,92,40,7,0,7,14,7,10,1.21429,0.588235,1.42857
394,14,99,44,4,51,99897,4,16,95,44,6,0,4,10,6,8,1.4,0.571429,2
395,21,52,19,5,28,99942,6,16,47,19,10,0,5,15,10,11,1.4,0.52381,2.2
396,23,85,31,8,46,99911,4,16,77,31,11,0,8,19,11,12,1.21053,0.521739,1.5
397,19,102,42,6,54,99894,4,16,96,42,9,0,6,15,9,10,1.26667,0.526316,1.66667
398,19,70,23,9,38,99927,3,16,61,23,7,0,9,16,7,12,1.1875,0.631579,1.33333
399,22,133,53,10,70,99863,4,16,123,53,8,0,10,18,8,14,1.22222,0.636364,1.4
400,21,83,33,6,44,99909,8,16,77,33,7,0,6,13,7,14,1.61538,0.666667,2.33333
401,21,95,38,5,52,99903,2,16,90,38,14,0,5,19,14,7,1.10526,0.333333,1.4
402,27,116,50,5,61,99877,7,16,111,50,15,0,5,20,15,12,1.35,0.444444,2.4
403,14,53,23,3,27,99941,6,16,50,23,5,0,3,8,5,9,1.75,0.642857,3
404,26,100,40,7,53,99893,7,16,93,40,12,0,7,19,12,14,1.36842,0.538462,2
405,12,84,35,4,45,99914,2,16,80,35,6,0,4,10,6,6,1.2,0.5,1.5
406,24,79,27,9,43,99915,6,16,70,27,9,0,9,18,9,15,1.33333,0.625,1.66667
407,16,66,25,6,35,99928,6,16,60,25,4,0,6,10,4,12,1.6,0.75,2
408,18,75,30,6,39,99921,4,16,69,30,8,0,6,14,8,10,1.28571,0.555556,1.66667
409,22,110,48,4,58,99880,10,16,106,48,8,0,4,12,8,14,1.83333,0.636364,3.5
410,20,69,25,6,38,99925,6,16,63,25,8,0,6,14,8,12,1.42857,0.6,2
411,19,86,38,4,44,99905,9,16,82,38,6,0,4,10,6,13,1.9,0.684211,3.25
412,24,81,30,6,45,99915,4,16,75,30,14,0,6,20,14,10,1.2,0.416667,1.66667
413,15,85,36,4,45,99910,5,16,81,36,6,0,4,10,6,9,1.5,0.6,2.25
414,25,70,25,8,37,99923,7,16,62,25,10,0,8,18,10,15,1.38889,0.6,1.875
415,10,87,39,3,45,99911,2,16,84,39,5,0,3,8,5,5,1.25,0.5,1.66667
416,23,86,36,4,46,99909,5,16,82,36,14,0,4,18,14,9,1.27778,0.391304,2.25
417,21,100,41,6,53,99897,3,16,94,41,12,0,6,18,12,9,1.16667,0.428571,1.5
418,36,90,33,8,49,99901,9,16,82,33,19,0,8,27,19,17,1.33333,0.472222,2.125
419,26,92,35,9,48,99897,11,16,83,35,6,0,9,15,6,20,1.73333,0.769231,2.22222
420,24,79,31,6,42,99912,9,16,73,31,9,0,6,15,9,15,1.6,0.625,2.5
421,16,62,23,6,33,99933,5,16,56,23,5,0,6,11,5,11,1.45455,0.6875,1.83333
422,25,92,34,8,50,99902,6,16,84,34,11,0,8,19,11,14,1.31579,0.56,1.75
423,23,91,36,7,48,99902,7,16,84,36,9,0,7,16,9,14,1.4375,0.608696,2
424,20,99,41,6,52,99896,5,16,93,41,9,0,6,15,9,11,1.33333,0.55,1.83333
425,18,68,28,5,35,99925,7,16,63,28,6,0,5,11,6,12,1.63636,0.666667,2.4
426,19,89,37,5,47,99908,3,16,84,37,11,0,5,16,11,8,1.1875,0.421053,1.6
427,25,88,36,5,47,99904,8,16,83,36,12,0,5,17,12,13,1.47059,0.52,2.6
428,22,86,37,4,45,99908,6,16,82,37,12,0,4,16,12,10,1.375,0.454545,2.5
429,16,96,42,4,50,99902,2,16,92,42,10,0,4,14,10,6,1.14286,0.375,1.5
430,22,65,26,6,33,99924,11,16,59,26,5,0,6,11,5,17,2,0.772727,2.83333
431,15,80,31,5,44,99919,1,16,75,31,9,0,5,14,9,6,1.07143,0.4,1.2
432,16,64,24,7,33,99932,4,16,57,24,5,0,7,12,5,11,1.33333,0.6875,1.57143
433,17,116,48,6,62,99882,2,16,110,48,9,0,6,15,9,8,1.13333,0.470588,1.33333
434,15,88,37,4,47,99910,2,16,84,37,9,0,4,13,9,6,1.15385,0.4,1.5
435,15,79,32,5,42,99917,4,16,74,32,6,0,5,11,6,9,1.36364,0.6,1.8
436,12,101,43,5,53,99897,2,16,96,43,5,0,5,10,5,7,1.2,0.583333,1.4
437,24,69,27,6,36,99921,10,16,63,27,8,0,6,14,8,16,1.71429,0.666667,2.66667
438,24,75,30,6,39,99918,7,16,69,30,11,0,6,17,11,13,1.41176,0.541667,2.16667
439,15,96,44,2,50,99899,5,16,94,44,8,0,2,10,8,7,1.5,0.466667,3.5
440,23,70,28,5,37,99923,7,16,65,28,11,0,5,16,11,12,1.4375,0.521739,2.4
441,20,99,42,6,51,99892,9,16,93,42,5,0,6,11,5,15,1.81818,0.75,2.5
442,24,100,34,11,55,99894,6,16,89,34,7,0,11,18,7,17,1.33333,0.708333,1.54545
443,13,72,31,4,37,99922,6,16,68,31,3,0,4,7,3,10,1.85714,0.769231,2.5
444,13,50,22,3,25,99944,6,16,47,22,4,0,3,7,4,9,1.85714,0.692308,3
445,18,90,39,4,47,99904,6,16,86,39,8,0,4,12,8,10,1.5,0.555556,2.5
446,22,111,49,5,57,99877,12,16,106,49,5,0,5,10,5,17,2.2,0.772727,3.4
447,20,125,52,6,67,99872,3,16,119,52,11,0,6,17,11,9,1.17647,0.45,1.5
448,21,101,41,7,53,99893,6,16,94,41,8,0,7,15,8,13,1.4,0.619048,1.85714
449,23,83,31,8,44,99912,5,16,75,31,10,0,8,18,10,13,1.27778,0.565217,1.625
450,19,107,47,4,56,99887,6,16,103,47,9,0,4,13,9,10,1.46154,0.526316,2.5
451,14,59,25,3,31,99939,2,16,56,25,9,0,3,12,9,5,1.16667,0.357143,1.66667
452,25,119,45,11,63,99876,5,16,108,45,9,0,11,20,9,16,1.25,0.64,1.45455
453,15,74,32,4,38,99920,6,16,70,32,5,0,4,9,5,10,1.66667,0.666667,2.5
454,27,101,41,7,53,99888,11,16,94,41,9,0,7,16,9,18,1.6875,0.666667,2.57143
455,30,80,27,10,43,99912,8,16,70,27,12,0,10,22,12,18,1.36364,0.6,1.8
456,20,101,39,7,55,99896,3,16,94,39,10,0,7,17,10,10,1.17647,0.5,1.42857
457,11,97,41,5,51,99901,2,16,92,41,4,0,5,9,4,7,1.22222,0.636364,1.4
458,18,111,45,8,58,99886,3,16,103,45,7,0,8,15,7,11,1.2,0.611111,1.375
459,18,80,32,6,42,99912,8,16,74,32,4,0,6,10,4,14,1.8,0.777778,2.33333
460,17,82,34,3,45,99917,1,16,79,34,13,0,3,16,13,4,1.0625,0.235294,1.33333
461,26,94,33,10,51,99899,7,16,84,33,9,0,10,19,9,17,1.36842,0.653846,1.7
462,15,80,34,4,42,99914,6,16,76,34,5,0,4,9,5,10,1.66667,0.666667,2.5
463,22,67,29,3,35,99927,6,16,64,29,13,0,3,16,13,9,1.375,0.409091,3
464,21,83,36,5,42,99912,5,16,78,36,11,0,5,16,11,10,1.3125,0.47619,2
465,23,95,37,7,51,99900,5,16,88,37,11,0,7,18,11,12,1.27778,0.521739,1.71429
466,20,88,36,5,47,99906,6,16,83,36,9,0,5,14,9,11,1.42857,0.55,2.2
467,16,66,26,5,35,99931,3,16,61,26,8,0,5,13,8,8,1.23077,0.5,1.6
468,24,82,34,6,42,99910,8,16,76,34,10,0,6,16,10,14,1.5,0.583333,2.33333
469,24,119,50,6,63,99873,8,16,113,50,10,0,6,16,10,14,1.5,0.583333,2.33333
470,20,118,50,7,61,99873,9,16,111,50,4,0,7,11,4,16,1.81818,0.8,2.28571
471,17,70,29,5,36,99926,4,16,65,29,8,0,5,13,8,9,1.30769,0.529412,1.8
472,25,81,30,8,43,99912,7,16,73,30,10,0,8,18,10,15,1.38889,0.6,1.875
473,17,76,31,5,40,99919,5,16,71,31,7,0,5,12,7,10,1.41667,0.588235,2
474,17,100,43,4,53,99894,6,16,96,43,7,0,4,11,7,10,1.54545,0.588235,2.5
475,19,73,32,3,38,99922,5,16,70,32,11,0,3,14,11,8,1.35714,0.421053,2.66667
476,20,101,42,6,53,99897,2,16,95,42,12,0,6,18,12,8,1.11111,0.4,1.33333
477,17,50,21,3,26,99944,6,16,47,21,8,0,3,11,8,9,1.54545,0.529412,3
478,23,68,28,4,36,99922,10,16,64,28,9,0,4,13,9,14,1.76923,0.608696,3.5
479,14,70,28,5,37,99928,2,16,65,28,7,0,5,12,7,7,1.16667,0.5,1.4
480,20,79,33,4,42,99915,6,16,75,33,10,0,4,14,10,10,1.42857,0.5,2.5
481,20,99,45,4,50,99893,8,16,95,45,8,0,4,12,8,12,1.66667,0.6,3
482,25,72,26,8,38,99921,7,16,64,26,10,0,8,18,10,15,1.38889,0.6,1.875
483,25,144,63,7,74,99845,11,16,137,63,7,0,7,14,7,18,1.78571,0.72,2.57143
484,18,91,36,8,47,99902,7,16,83,36,3,0,8,11,3,15,1.63636,0.833333,1.875
485,20,99,40,7,52,99899,2,16,92,40,11,0,7,18,11,9,1.11111,0.45,1.28571
486,18,52,20,5,27,99942,6,16,47,20,7,0,5,12,7,11,1.5,0.611111,2.2
487,14,82,34,5,43,99913,5,16,77,34,4,0,5,9,4,10,1.55556,0.714286,2
488,11,82,33,4,45,99914,4,16,78,33,3,0,4,7,3,8,1.57143,0.727273,2
489,20,73,29,6,38,99920,7,16,67,29,7,0,6,13,7,13,1.53846,0.65,2.16667
490,31,90,37,6,47,99898,12,16,84,37,13,0,6,19,13,18,1.63158,0.580645,3
491,21,103,42,7,54,99892,5,16,96,42,9,0,7,16,9,12,1.3125,0.571429,1.71429
492,23,107,48,3,56,99888,5,16,104,48,15,0,3,18,15,8,1.27778,0.347826,2.66667
493,27,96,38,7,51,99894,10,16,89,38,10,0,7,17,10,17,1.58824,0.62963,2.42857
494,18,120,49,7,64,99878,2,16,113,49,9,0,7,16,9,9,1.125,0.5,1.28571
495,20,79,30,7,42,99918,3,16,72,30,10,0,7,17,10,10,1.17647,0.5,1.42857
496,18,67,26,6,35,99927,6,16,61,26,6,0,6,12,6,12,1.5,0.666667,2
497,21,65,26,4,35,99929,6,16,61,26,11,0,4,15,11,10,1.4,0.47619,2.5
498,27,89,37,6,46,99897,14,16,83,37,7,0,6,13,7,20,2.07692,0.740741,3.33333
499,19,73,28,6,39,99921,6,16,67,28,7,0,6,13,7,12,1.46154,0.631579,2
500,27,73,25,9,39,99918,9,16,64,25,9,0,9,18,9,18,1.5,0.666667,2
501,21,84,35,6,43,99907,9,16,78,35,6,0,6,12,6,15,1.75,0.714286,2.5
502,28,79,30,7,42,99910,11,16,72,30,10,0,7,17,10,18,1.64706,0.642857,2.57143
503,25,105,44,6,55,99887,8,16,99,44,11,0,6,17,11,14,1.47059,0.56,2.33333
504,14,80,35,3,42,99919,1,16,77,35,10,0,3,13,10,4,1.07692,0.285714,1.33333
505,25,101,40,7,54,99891,8,16,94,40,10,0,7,17,10,15,1.47059,0.6,2.14286
506,28,66,27,6,33,99919,15,16,60,27,7,0,6,13,7,21,2.15385,0.75,3.5
507,27,113,46,8,59,99880,7,16,105,46,12,0,8,20,12,15,1.35,0.555556,1.875
508,25,109,46,7,56,99882,9,16,102,46,9,0,7,16,9,16,1.5625,0.64,2.28571
509,18,88,37,4,47,99910,2,16,84,37,12,0,4,16,12,6,1.125,0.333333,1.5
510,17,95,37,8,50,99903,2,16,87,37,7,0,8,15,7,10,1.13333,0.588235,1.25
511,9,65,29,1,35,99934,1,16,64,29,7,0,1,8,7,2,1.125,0.222222,2
512,15,66,28,3,35,99932,2,16,63,28,10,0,3,13,10,5,1.15385,0.333333,1.66667
513,19,64,24,6,34,99924,12,16,58,24,1,0,6,7,1,18,2.71429,0.947368,3
514,21,80,34,5,41,99914,6,16,75,34,10,0,5,15,10,11,1.4,0.52381,2.2
515,14,80,34,4,42,99917,3,16,76,34,7,0,4,11,7,7,1.27273,0.5,1.75
516,23,82,33,7,42,99906,12,16,75,33,4,0,7,11,4,19,2.09091,0.826087,2.71429
517,19,50,19,5,26,99944,6,16,45,19,8,0,5,13,8,11,1.46154,0.578947,2.2
518,24,59,23,5,31,99931,10,16,54,23,9,0,5,14,9,15,1.71429,0.625,3
519,13,86,38,3,45,99913,1,16,83,38,9,0,3,12,9,4,1.08333,0.307692,1.33333
520,23,115,48,7,60,99876,9,16,108,48,7,0,7,14,7,16,1.64286,0.695652,2.28571
521,25,53,19,7,27,99939,8,16,46,19,10,0,7,17,10,15,1.47059,0.6,2.14286
522,18,107,43,6,58,99892,1,16,101,43,11,0,6,17,11,7,1.05882,0.388889,1.16667
523,15,107,47,4,56,99891,2,16,103,47,9,0,4,13,9,6,1.15385,0.4,1.5
524,25,75,28,7,40,99915,10,16,68,28,8,0,7,15,8,17,1.66667,0.68,2.42857
525,19,79,31,6,42,99915,6,16,73,31,7,0,6,13,7,12,1.46154,0.631579,2
526,18,72,29,5,38,99925,3,16,67,29,10,0,5,15,10,8,1.2,0.444444,1.6
527,18,145,62,6,77,99852,3,16,139,62,9,0,6,15,9,9,1.2,0.5,1.5
528,17,111,46,5,60,99886,3,16,106,46,9,0,5,14,9,8,1.21429,0.470588,1.6
529,17,65,24,5,36,99931,4,16,60,24,8,0,5,13,8,9,1.30769,0.529412,1.8
530,29,104,39,11,54,99887,9,16,93,39,9,0,11,20,9,20,1.45,0.689655,1.81818
531,18,90,38,6,46,99906,4,16,84,38,8,0,6,14,8,10,1.28571,0.555556,1.66667
532,27,73,31,5,37,99914,13,16,68,31,9,0,5,14,9,18,1.92857,0.666667,3.6
533,19,88,36,7,45,99906,6,16,81,36,6,0,7,13,6,13,1.46154,0.684211,1.85714
534,16,133,58,3,72,99866,1,16,130,58,12,0,3,15,12,4,1.06667,0.25,1.33333
535,23,112,50,5,57,99878,10,16,107,50,8,0,5,13,8,15,1.76923,0.652174,3
536,18,64,24,6,34,99932,4,16,58,24,8,0,6,14,8,10,1.28571,0.555556,1.66667
537,17,99,40,7,52,99895,6,16,92,40,4,0,7,11,4,13,1.54545,0.764706,1.85714
538,19,76,28,7,41,99920,4,16,69,28,8,0,7,15,8,11,1.26667,0.578947,1.57143
539,15,64,24,6,34,99931,5,16,58,24,4,0,6,10,4,11,1.5,0.733333,1.83333
540,13,76,30,6,40,99922,2,16,70,30,5,0,6,11,5,8,1.18182,0.615385,1.33333
541,22,103,44,6,53,99888,9,16,97,44,7,0,6,13,7,15,1.69231,0.681818,2.5
542,29,121,46,9,66,99873,6,16,112,46,14,0,9,23,14,15,1.26087,0.517241,1.66667
543,22,75,29,6,40,99919,6,16,69,29,10,0,6,16,10,12,1.375,0.545455,2
544,19,101,42,5,54,99894,5,16,96,42,9,0,5,14,9,10,1.35714,0.526316,2
545,24,96,38,8,50,99897,7,16,88,38,9,0,8,17,9,15,1.41176,0.625,1.875
546,17,77,32,5,40,99919,4,16,72,32,8,0,5,13,8,9,1.30769,0.529412,1.8
547,28,70,31,3,36,99915,15,16,67,31,10,0,3,13,10,18,2.15385,0.642857,6
548,17,68,28,5,35,99929,3,16,63,28,9,0,5,14,9,8,1.21429,0.470588,1.6
549,21,83,33,6,44,99912,5,16,77,33,10,0,6,16,10,11,1.3125,0.52381,1.83333
550,18,70,28,6,36,99923,7,16,64,28,5,0,6,11,5,13,1.63636,0.722222,2.16667
551,21,90,36,7,47,99905,5,16,83,36,9,0,7,16,9,12,1.3125,0.571429,1.71429
552,13,61,25,4,32,99937,2,16,57,25,7,0,4,11,7,6,1.18182,0.461538,1.5
553,21,91,33,9,49,99904,5,16,82,33,7,0,9,16,7,14,1.3125,0.666667,1.55556
554,18,58,23,5,30,99937,5,16,53,23,8,0,5,13,8,10,1.38462,0.555556,2
555,31,87,28,12,47,99905,8,16,75,28,11,0,12,23,11,20,1.34783,0.645161,1.66667
556,24,101,38,6,57,99898,1,16,95,38,17,0,6,23,17,7,1.04348,0.291667,1.16667
557,18,83,35,5,43,99911,6,16,78,35,7,0,5,12,7,11,1.5,0.611111,2.2
558,16,105,45,6,54,99889,6,16,99,45,4,0,6,10,4,12,1.6,0.75,2
559,17,81,33,5,43,99915,4,16,76,33,8,0,5,13,8,9,1.30769,0.529412,1.8
560,22,79,30,7,42,99915,6,16,72,30,9,0,7,16,9,13,1.375,0.590909,1.85714
561,21,121,53,4,64,99874,5,16,117,53,12,0,4,16,12,9,1.3125,0.428571,2.25
562,15,50,20,4,26,99947,3,16,46,20,8,0,4,12,8,7,1.25,0.466667,1.75
563,24,92,38,7,47,99899,9,16,85,38,8,0,7,15,8,16,1.6,0.666667,2.28571
564,25,124,50,10,64,99867,9,16,114,50,6,0,10,16,6,19,1.5625,0.76,1.9
565,19,118,50,6,62,99877,5,16,112,50,8,0,6,14,8,11,1.35714,0.578947,1.83333
566,23,110,46,6,58,99886,4,16,104,46,13,0,6,19,13,10,1.21053,0.434783,1.66667
567,17,102,45,4,53,99893,5,16,98,45,8,0,4,12,8,9,1.41667,0.529412,2.25
568,23,62,25,4,33,99926,12,16,58,25,7,0,4,11,7,16,2.09091,0.695652,4
569,16,47,17,6,24,99946,7,16,41,17,3,0,6,9,3,13,1.77778,0.8125,2.16667
570,24,133,55,7,71,99861,6,16,126,55,11,0,7,18,11,13,1.33333,0.541667,1.85714
571,22,116,47,7,62,99881,3,16,109,47,12,0,7,19,12,10,1.15789,0.454545,1.42857
572,20,77,31,6,40,99914,9,16,71,31,5,0,6,11,5,15,1.81818,0.75,2.5
573,29,114,45,7,62,99875,11,16,107,45,11,0,7,18,11,18,1.61111,0.62069,2.57143
574,22,90,37,6,47,99902,8,16,84,37,8,0,6,14,8,14,1.57143,0.636364,2.33333
575,19,72,28,6,38,99922,6,16,66,28,7,0,6,13,7,12,1.46154,0.631579,2
576,18,83,34,6,43,99912,5,16,77,34,7,0,6,13,7,11,1.38462,0.611111,1.83333
577,13,77,30,6,41,99922,1,16,71,30,6,0,6,12,6,7,1.08333,0.538462,1.16667
578,26,111,41,9,61,99886,3,16,102,41,14,0,9,23,14,12,1.13043,0.461538,1.33333
579,19,91,40,4,47,99902,7,16,87,40,8,0,4,12,8,11,1.58333,0.578947,2.75
580,22,78,32,5,41,99915,7,16,73,32,10,0,5,15,10,12,1.46667,0.545455,2.4
581,17,96,40,4,52,99899,5,16,92,40,8,0,4,12,8,9,1.41667,0.529412,2.25
582,23,114,45,7,62,99882,4,16,107,45,12,0,7,19,12,11,1.21053,0.478261,1.57143
583,17,110,44,8,58,99884,6,16,102,44,3,0,8,11,3,14,1.54545,0.823529,1.75
584,26,118,47,9,62,99873,9,16,109,47,8,0,9,17,8,18,1.52941,0.692308,2
585,18,85,34,5,46,99914,1,16,80,34,12,0,5,17,12,6,1.05882,0.333333,1.2
586,21,152,65,4,83,99847,1,16,148,65,16,0,4,20,16,5,1.05,0.238095,1.25
587,18,91,39,4,48,99905,4,16,87,39,10,0,4,14,10,8,1.28571,0.444444,2
588,19,57,21,6,30,99939,4,16,51,21,9,0,6,15,9,10,1.26667,0.526316,1.66667
589,15,90,38,5,47,99905,5,16,85,38,5,0,5,10,5,10,1.5,0.666667,2
590,23,91,37,7,47,99899,10,16,84,37,6,0,7,13,6,17,1.76923,0.73913,2.42857
591,20,89,35,7,47,99904,7,16,82,35,6,0,7,13,6,14,1.53846,0.7,2
592,15,71,27,6,38,99927,2,16,65,27,7,0,6,13,7,8,1.15385,0.533333,1.33333
593,17,98,42,5,51,99897,5,16,93,42,7,0,5,12,7,10,1.41667,0.588235,2
594,14,75,29,6,40,99924,1,16,69,29,7,0,6,13,7,7,1.07692,0.5,1.16667
595,13,124,55,6,63,99873,3,16,118,55,4,0,6,10,4,9,1.3,0.692308,1.5
596,20,80,29,7,44,99918,2,16,73,29,11,0,7,18,11,9,1.11111,0.45,1.28571
597,17,112,47,6,59,99884,4,16,106,47,7,0,6,13,7,10,1.30769,0.588235,1.66667
598,20,101,43,6,52,99892,7,16,95,43,7,0,6,13,7,13,1.53846,0.65,2.16667
599,20,86,37,5,44,99911,3,16,81,37,12,0,5,17,12,8,1.17647,0.4,1.6
600,15,81,35,4,42,99913,6,16,77,35,5,0,4,9,5,10,1.66667,0.666667,2.5
601,18,92,37,6,49,99907,1,16,86,37,11,0,6,17,11,7,1.05882,0.388889,1.16667
602,13,68,29,4,35,99927,5,16,64,29,4,0,4,8,4,9,1.625,0.692308,2.25
603,22,93,35,9,49,99899,8,16,84,35,5,0,9,14,5,17,1.57143,0.772727,1.88889
604,19,80,34,4,42,99914,6,16,76,34,9,0,4,13,9,10,1.46154,0.526316,2.5
605,24,100,41,6,53,99896,4,16,94,41,14,0,6,20,14,10,1.2,0.416667,1.66667
606,21,106,46,5,55,99887,7,16,101,46,9,0,5,14,9,12,1.5,0.571429,2.4
607,12,65,27,4,34,99934,1,16,61,27,7,0,4,11,7,5,1.09091,0.416667,1.25
608,22,80,36,3,41,99909,11,16,77,36,8,0,3,11,8,14,2,0.636364,4.66667
609,19,71,28,5,38,99923,6,16,66,28,8,0,5,13,8,11,1.46154,0.578947,2.2
610,15,102,44,5,53,99897,1,16,97,44,9,0,5,14,9,6,1.07143,0.4,1.2
611,18,98,40,4,54,99900,2,16,94,40,12,0,4,16,12,6,1.125,0.333333,1.5
612,20,65,23,8,34,99932,3,16,57,23,9,0,8,17,9,11,1.17647,0.55,1.375
613,13,75,31,4,40,99923,2,16,71,31,7,0,4,11,7,6,1.18182,0.461538,1.5
614,14,68,27,6,35,99930,2,16,62,27,6,0,6,12,6,8,1.16667,0.571429,1.33333
615,28,110,42,9,59,99883,7,16,101,42,12,0,9,21,12,16,1.33333,0.571429,1.77778
616,23,87,33,8,46,99910,3,16,79,33,12,0,8,20,12,11,1.15,0.478261,1.375
617,16,61,23,5,33,99934,5,16,56,23,6,0,5,11,6,10,1.45455,0.625,2
618,16,102,44,5,53,99893,5,16,97,44,6,0,5,11,6,10,1.45455,0.625,2
619,21,72,26,7,39,99924,4,16,65,26,10,0,7,17,10,11,1.23529,0.52381,1.57143
620,16,80,35,4,41,99915,5,16,76,35,7,0,4,11,7,9,1.45455,0.5625,2.25
621,16,69,26,6,37,99926,5,16,63,26,5,0,6,11,5,11,1.45455,0.6875,1.83333
622,22,93,39,6,48,99894,13,16,87,39,3,0,6,9,3,19,2.44444,0.863636,3.16667
623,16,81,33,5,43,99917,2,16,76,33,9,0,5,14,9,7,1.14286,0.4375,1.4
624,12,62,26,4,32,99933,5,16,58,26,3,0,4,7,3,9,1.71429,0.75,2.25
625,13,125,54,7,64,99872,3,16,118,54,3,0,7,10,3,10,1.3,0.769231,1.42857
626,21,124,54,6,64,99868,8,16,118,54,7,0,6,13,7,14,1.61538,0.666667,2.33333
627,25,111,46,7,58,99882,7,16,104,46,11,0,7,18,11,14,1.38889,0.56,2
628,27,85,33,7,45,99905,10,16,78,33,10,0,7,17,10,17,1.58824,0.62963,2.42857
629,19,82,30,9,43,99914,4,16,73,30,6,0,9,15,6,13,1.26667,0.684211,1.44444
630,21,119,49,7,63,99878,3,16,112,49,11,0,7,18,11,10,1.16667,0.47619,1.42857
631,30,102,38,9,55,99891,7,16,93,38,14,0,9,23,14,16,1.30435,0.533333,1.77778
632,21,83,36,5,42,99905,12,16,78,36,4,0,5,9,4,17,2.33333,0.809524,3.4
633,17,140,60,6,74,99859,1,16,134,60,10,0,6,16,10,7,1.0625,0.411765,1.16667
634,17,101,43,6,52,99896,3,16,95,43,8,0,6,14,8,9,1.21429,0.529412,1.5
635,34,126,46,11,69,99870,4,16,115,46,19,0,11,30,19,15,1.13333,0.441176,1.36364
636,13,56,25,3,28,99939,5,16,53,25,5,0,3,8,5,8,1.625,0.615385,2.66667
637,29,83,31,9,43,99907,10,16,74,31,10,0,9,19,10,19,1.52632,0.655172,2.11111
638,9,58,28,1,29,99937,5,16,57,28,3,0,1,4,3,6,2.25,0.666667,6
639,24,69,24,9,36,99923,8,16,60,24,7,0,9,16,7,17,1.5,0.708333,1.88889
640,23,75,28,6,41,99919,6,16,69,28,11,0,6,17,11,12,1.35294,0.521739,2
641,20,73,29,6,38,99918,9,16,67,29,5,0,6,11,5,15,1.81818,0.75,2.5
642,18,89,35,6,48,99906,5,16,83,35,7,0,6,13,7,11,1.38462,0.611111,1.83333
643,22,78,30,6,42,99918,4,16,72,30,12,0,6,18,12,10,1.22222,0.454545,1.66667
644,24,93,34,10,49,99904,3,16,83,34,11,0,10,21,11,13,1.14286,0.541667,1.3
645,22,112,49,6,57,99876,12,16,106,49,4,0,6,10,4,18,2.2,0.818182,3
646,24,78,31,5,42,99915,7,16,73,31,12,0,5,17,12,12,1.41176,0.5,2.4
647,21,97,38,8,51,99899,4,16,89,38,9,0,8,17,9,12,1.23529,0.571429,1.5
648,16,94,39,5,50,99901,5,16,89,39,6,0,5,11,6,10,1.45455,0.625,2
649,13,74,31,6,37,99921,5,16,68,31,2,0,6,8,2,11,1.625,0.846154,1.83333
650,24,104,44,6,54,99886,10,16,98,44,8,0,6,14,8,16,1.71429,0.666667,2.66667
651,23,105,43,6,56,99889,6,16,99,43,11,0,6,17,11,12,1.35294,0.521739,2
652,27,87,30,9,48,99905,8,16,78,30,10,0,9,19,10,17,1.42105,0.62963,1.88889
653,20,111,45,6,60,99887,2,16,105,45,12,0,6,18,12,8,1.11111,0.4,1.33333
654,20,117,46,8,63,99881,2,16,109,46,10,0,8,18,10,10,1.11111,0.5,1.25
655,18,81,35,2,44,99915,4,16,79,35,12,0,2,14,12,6,1.28571,0.333333,3
656,19,89,38,5,46,99906,5,16,84,38,9,0,5,14,9,10,1.35714,0.526316,2
657,29,100,39,9,52,99887,13,16,91,39,7,0,9,16,7,22,1.8125,0.758621,2.44444
658,13,79,30,5,44,99921,0,16,74,30,8,0,5,13,8,5,1,0.384615,1
659,14,101,43,4,54,99898,1,16,97,43,9,0,4,13,9,5,1.07692,0.357143,1.25
660,16,98,42,5,51,99897,5,16,93,42,6,0,5,11,6,10,1.45455,0.625,2
661,17,92,36,7,49,99903,5,16,85,36,5,0,7,12,5,12,1.41667,0.705882,1.71429
662,28,96,35,10,51,99897,7,16,86,35,11,0,10,21,11,17,1.33333,0.607143,1.7
663,21,86,34,7,45,99908,6,16,79,34,8,0,7,15,8,13,1.4,0.619048,1.85714
664,18,78,33,4,41,99917,5,16,74,33,9,0,4,13,9,9,1.38462,0.5,2.25
665,16,91,39,5,47,99907,2,16,86,39,9,0,5,14,9,7,1.14286,0.4375,1.4
666,14,153,68,4,81,99845,2,16,149,68,8,0,4,12,8,6,1.16667,0.428571,1.5
667,13,76,30,7,39,99920,4,16,69,30,2,0,7,9,2,11,1.44444,0.846154,1.57143
668,23,109,43,9,57,99885,6,16,100,43,8,0,9,17,8,15,1.35294,0.652174,1.66667
669,23,94,37,8,49,99898,8,16,86,37,7,0,8,15,7,16,1.53333,0.695652,2
670,18,85,31,8,46,99909,6,16,77,31,4,0,8,12,4,14,1.5,0.777778,1.75
671,26,91,40,4,47,99897,12,16,87,40,10,0,4,14,10,16,1.85714,0.615385,4
672,20,67,27,5,35,99927,6,16,62,27,9,0,5,14,9,11,1.42857,0.55,2.2
673,15,43,17,4,22,99951,6,16,39,17,5,0,4,9,5,10,1.66667,0.666667,2.5
674,22,121,46,9,66,99877,2,16,112,46,11,0,9,20,11,11,1.1,0.5,1.22222
675,27,97,36,10,51,99896,7,16,87,36,10,0,10,20,10,17,1.35,0.62963,1.7
676,32,85,35,6,44,99899,16,16,79,35,10,0,6,16,10,22,2,0.6875,3.66667
677,15,83,34,5,44,99912,5,16,78,34,5,0,5,10,5,10,1.5,0.666667,2
678,19,100,42,6,52,99891,9,16,94,42,4,0,6,10,4,15,1.9,0.789474,2.5
679,16,71,32,3,36,99924,5,16,68,32,8,0,3,11,8,8,1.45455,0.5,2.66667
680,28,76,29,5,42,99915,9,16,71,29,14,0,5,19,14,14,1.47368,0.5,2.8
681,25,102,39,8,55,99892,6,16,94,39,11,0,8,19,11,14,1.31579,0.56,1.75
682,20,75,29,7,39,99919,6,16,68,29,7,0,7,14,7,13,1.42857,0.65,1.85714
683,23,80,31,7,42,99910,10,16,73,31,6,0,7,13,6,17,1.76923,0.73913,2.42857
684,22,90,33,8,49,99907,3,16,82,33,11,0,8,19,11,11,1.15789,0.5,1.375
685,14,50,23,2,25,99940,10,16,48,23,2,0,2,4,2,12,3.5,0.857143,6
686,28,102,42,6,54,99889,9,16,96,42,13,0,6,19,13,15,1.47368,0.535714,2.5
687,20,104,43,8,53,99892,4,16,96,43,8,0,8,16,8,12,1.25,0.6,1.5
688,21,115,49,5,61,99882,3,16,110,49,13,0,5,18,13,8,1.16667,0.380952,1.6
689,16,104,44,7,53,99890,6,16,97,44,3,0,7,10,3,13,1.6,0.8125,1.85714
690,18,100,42,5,53,99896,4,16,95,42,9,0,5,14,9,9,1.28571,0.5,1.8
691,25,90,39,4,47,99901,9,16,86,39,12,0,4,16,12,13,1.5625,0.52,3.25
692,22,83,32,7,44,99910,7,16,76,32,8,0,7,15,8,14,1.46667,0.636364,2
693,15,61,23,6,32,99936,3,16,55,23,6,0,6,12,6,9,1.25,0.6,1.5
694,11,51,19,4,28,99948,1,16,47,19,6,0,4,10,6,5,1.1,0.454545,1.25
695,18,105,44,5,56,99892,3,16,100,44,10,0,5,15,10,8,1.2,0.444444,1.6
696,21,81,35,4,42,99913,6,16,77,35,11,0,4,15,11,10,1.4,0.47619,2.5
697,21,124,49,8,67,99871,5,16,116,49,8,0,8,16,8,13,1.3125,0.619048,1.625
698,22,69,29,4,36,99920,11,16,65,29,7,0,4,11,7,15,2,0.681818,3.75
699,26,104,41,8,55,99890,6,16,96,41,12,0,8,20,12,14,1.3,0.538462,1.75
700,20,65,25,6,34,99928,7,16,59,25,7,0,6,13,7,13,1.53846,0.65,2.16667
701,25,81,31,6,44,99911,8,16,75,31,11,0,6,17,11,14,1.47059,0.56,2.33333
702,25,72,24,9,39,99921,7,16,63,24,9,0,9,18,9,16,1.38889,0.64,1.77778
703,22,51,19,6,26,99938,11,16,45,19,5,0,6,11,5,17,2,0.772727,2.83333
704,29,102,38,10,54,99889,9,16,92,38,10,0,10,20,10,19,1.45,0.655172,1.9
705,16,58,21,5,32,99940,2,16,53,21,9,0,5,14,9,7,1.14286,0.4375,1.4
706,24,93,38,7,48,99900,7,16,86,38,10,0,7,17,10,14,1.41176,0.583333,2
707,21,79,32,5,42,99913,8,16,74,32,8,0,5,13,8,13,1.61538,0.619048,2.6
708,20,85,37,4,44,99904,11,16,81,37,5,0,4,9,5,15,2.22222,0.75,3.75
709,13,51,20,4,27,99944,5,16,47,20,4,0,4,8,4,9,1.625,0.692308,2.25
710,18,90,36,7,47,99907,3,16,83,36,8,0,7,15,8,10,1.2,0.555556,1.42857
711,28,149,62,7,80,99844,7,16,142,62,14,0,7,21,14,14,1.33333,0.5,2
712,20,81,29,8,44,99916,3,16,73,29,9,0,8,17,9,11,1.17647,0.55,1.375
713,17,54,22,4,28,99940,6,16,50,22,7,0,4,11,7,10,1.54545,0.588235,2.5
714,21,97,37,8,52,99899,4,16,89,37,9,0,8,17,9,12,1.23529,0.571429,1.5
715,21,91,36,7,48,99901,8,16,84,36,6,0,7,13,6,15,1.61538,0.714286,2.14286
716,19,92,39,5,48,99901,7,16,87,39,7,0,5,12,7,12,1.58333,0.631579,2.4
717,22,96,38,8,50,99897,7,16,88,38,7,0,8,15,7,15,1.46667,0.681818,1.875
718,19,99,39,7,53,99896,5,16,92,39,7,0,7,14,7,12,1.35714,0.631579,1.71429
719,20,82,34,6,42,99908,10,16,76,34,4,0,6,10,4,16,2,0.8,2.66667
720,17,104,44,5,55,99890,6,16,99,44,6,0,5,11,6,11,1.54545,0.647059,2.2
721,21,103,41,6,56,99895,2,16,97,41,13,0,6,19,13,8,1.10526,0.380952,1.33333
722,19,58,21,7,30,99935,7,16,51,21,5,0,7,12,5,14,1.58333,0.736842,2
723,23,67,25,7,35,99923,10,16,60,25,6,0,7,13,6,17,1.76923,0.73913,2.42857
724,18,84,34,5,45,99911,5,16,79,34,8,0,5,13,8,10,1.38462,0.555556,2
725,18,94,40,4,50,99902,4,16,90,40,10,0,4,14,10,8,1.28571,0.444444,2
726,14,78,31,5,42,99920,2,16,73,31,7,0,5,12,7,7,1.16667,0.5,1.4
727,13,89,38,5,46,99909,2,16,84,38,6,0,5,11,6,7,1.18182,0.538462,1.4
728,16,75,30,4,41,99921,4,16,71,30,8,0,4,12,8,8,1.33333,0.5,2
729,22,87,36,5,46,99907,6,16,82,36,11,0,5,16,11,11,1.375,0.5,2.2
730,22,106,44,7,55,99886,8,16,99,44,7,0,7,14,7,15,1.57143,0.681818,2.14286
731,19,54,20,6,28,99939,7,16,48,20,6,0,6,12,6,13,1.58333,0.684211,2.16667
732,25,107,42,7,58,99886,7,16,100,42,11,0,7,18,11,14,1.38889,0.56,2
733,17,68,29,3,36,99927,5,16,65,29,9,0,3,12,9,8,1.41667,0.470588,2.66667
734,19,103,45,4,54,99892,5,16,99,45,10,0,4,14,10,9,1.35714,0.473684,2.25
735,24,72,28,7,37,99919,9,16,65,28,8,0,7,15,8,16,1.6,0.666667,2.28571
736,15,53,21,5,27,99943,4,16,48,21,6,0,5,11,6,9,1.36364,0.6,1.8
737,23,98,41,7,50,99891,11,16,91,41,5,0,7,12,5,18,1.91667,0.782609,2.57143
738,29,104,43,8,53,99888,8,16,96,43,13,0,8,21,13,16,1.38095,0.551724,2
739,25,121,49,7,65,99872,7,16,114,49,11,0,7,18,11,14,1.38889,0.56,2
740,20,76,31,5,40,99918,6,16,71,31,9,0,5,14,9,11,1.42857,0.55,2.2
741,14,62,26,5,31,99934,4,16,57,26,5,0,5,10,5,9,1.4,0.642857,1.8
742,24,115,46,8,61,99878,7,16,107,46,9,0,8,17,9,15,1.41176,0.625,1.875
743,14,70,29,5,36,99924,6,16,65,29,3,0,5,8,3,11,1.75,0.785714,2.2
744,9,86,37,5,44,99913,1,16,81,37,3,0,5,8,3,6,1.125,0.666667,1.2
745,19,57,23,5,29,99936,7,16,52,23,7,0,5,12,7,12,1.58333,0.631579,2.4
746,20,85,37,4,44,99905,10,16,81,37,6,0,4,10,6,14,2,0.7,3.5
747,18,102,43,4,55,99896,2,16,98,43,12,0,4,16,12,6,1.125,0.333333,1.5
748,29,121,45,11,65,99873,6,16,110,45,12,0,11,23,12,17,1.26087,0.586207,1.54545
749,12,71,31,4,36,99926,3,16,67,31,5,0,4,9,5,7,1.33333,0.583333,1.75
750,9,87,40,2,45,99912,1,16,85,40,6,0,2,8,6,3,1.125,0.333333,1.5
751,24,87,33,9,45,99904,9,16,78,33,6,0,9,15,6,18,1.6,0.75,2
752,28,84,32,8,44,99905,11,16,76,32,9,0,8,17,9,19,1.64706,0.678571,2.375
753,25,77,34,3,40,99909,14,16,74,34,8,0,3,11,8,17,2.27273,0.68,5.66667
754,18,55,24,3,28,99934,11,16,52,24,4,0,3,7,4,14,2.57143,0.777778,4.66667
755,27,115,47,8,60,99876,9,16,107,47,10,0,8,18,10,17,1.5,0.62963,2.125
756,17,85,35,6,44,99909,6,16,79,35,5,0,6,11,5,12,1.54545,0.705882,2
757,26,96,42,5,49,99890,14,16,91,42,7,0,5,12,7,19,2.16667,0.730769,3.8
758,26,62,26,4,32,99928,10,16,58,26,12,0,4,16,12,14,1.625,0.538462,3.5
759,19,95,40,6,49,99901,4,16,89,40,9,0,6,15,9,10,1.26667,0.526316,1.66667
760,18,52,20,4,28,99943,5,16,48,20,9,0,4,13,9,9,1.38462,0.5,2.25
761,19,61,25,5,31,99935,4,16,56,25,10,0,5,15,10,9,1.26667,0.473684,1.8
762,24,127,56,5,66,99867,6,16,122,56,13,0,5,18,13,11,1.33333,0.458333,2.2
763,26,64,26,4,34,99924,12,16,60,26,10,0,4,14,10,16,1.85714,0.615385,4
764,22,72,26,7,39,99926,2,16,65,26,13,0,7,20,13,9,1.1,0.409091,1.28571
765,22,61,23,6,32,99931,8,16,55,23,8,0,6,14,8,14,1.57143,0.636364,2.33333
766,17,71,29,5,37,99922,7,16,66,29,5,0,5,10,5,12,1.7,0.705882,2.4
767,18,107,46,5,56,99888,5,16,102,46,8,0,5,13,8,10,1.38462,0.555556,2
768,20,65,23,7,35,99929,6,16,58,23,7,0,7,14,7,13,1.42857,0.65,1.85714
769,25,92,37,6,49,99903,5,16,86,37,14,0,6,20,14,11,1.25,0.44,1.83333
770,17,55,20,6,29,99941,4,16,49,20,7,0,6,13,7,10,1.30769,0.588235,1.66667
771,26,112,44,9,59,99880,8,16,103,44,9,0,9,18,9,17,1.44444,0.653846,1.88889
772,21,88,37,6,45,99905,7,16,82,37,8,0,6,14,8,13,1.5,0.619048,2.16667
773,20,88,34,7,47,99907,5,16,81,34,8,0,7,15,8,12,1.33333,0.6,1.71429
774,12,56,25,3,28,99937,7,16,53,25,2,0,3,5,2,10,2.4,0.833333,3.33333
775,17,108,46,5,57,99890,2,16,103,46,10,0,5,15,10,7,1.13333,0.411765,1.4
776,17,87,34,6,47,99910,3,16,81,34,8,0,6,14,8,9,1.21429,0.529412,1.5
777,17,112,48,6,58,99883,5,16,106,48,6,0,6,12,6,11,1.41667,0.647059,1.83333
778,20,92,36,7,49,99903,5,16,85,36,8,0,7,15,8,12,1.33333,0.6,1.71429
779,24,70,29,4,37,99918,12,16,66,29,8,0,4,12,8,16,2,0.666667,4
780,30,96,33,11,52,99897,7,16,85,33,12,0,11,23,12,18,1.30435,0.6,1.63636
781,20,73,30,5,38,99916,11,16,68,30,4,0,5,9,4,16,2.22222,0.8,3.2
782,19,86,35,6,45,99909,5,16,80,35,8,0,6,14,8,11,1.35714,0.578947,1.83333
783,26,107,46,6,55,99882,11,16,101,46,9,0,6,15,9,17,1.73333,0.653846,2.83333
784,27,81,32,6,43,99907,12,16,75,32,9,0,6,15,9,18,1.8,0.666667,3
785,25,104,44,5,55,99889,7,16,99,44,13,0,5,18,13,12,1.38889,0.48,2.4
786,19,119,52,5,62,99875,6,16,114,52,8,0,5,13,8,11,1.46154,0.578947,2.2
787,15,85,38,4,43,99910,5,16,81,38,6,0,4,10,6,9,1.5,0.6,2.25
788,22,83,33,7,43,99910,7,16,76,33,8,0,7,15,8,14,1.46667,0.636364,2
789,25,53,21,5,27,99931,16,16,48,21,4,0,5,9,4,21,2.77778,0.84,4.2
790,19,79,31,6,42,99917,4,16,73,31,9,0,6,15,9,10,1.26667,0.526316,1.66667
791,21,81,33,5,43,99911,8,16,76,33,8,0,5,13,8,13,1.61538,0.619048,2.6
792,24,58,22,6,30,99932,10,16,52,22,8,0,6,14,8,16,1.71429,0.666667,2.66667
793,20,67,28,4,35,99927,6,16,63,28,10,0,4,14,10,10,1.42857,0.5,2.5
794,21,113,46,7,60,99882,5,16,106,46,9,0,7,16,9,12,1.3125,0.571429,1.71429
795,29,103,37,12,54,99887,10,16,91,37,7,0,12,19,7,22,1.52632,0.758621,1.83333
796,24,72,25,9,38,99919,9,16,63,25,6,0,9,15,6,18,1.6,0.75,2
797,28,100,40,7,53,99890,10,16,93,40,11,0,7,18,11,17,1.55556,0.607143,2.42857
798,19,132,51,9,72,99867,1,16,123,51,9,0,9,18,9,10,1.05556,0.526316,1.11111
799,20,80,33,5,42,99914,6,16,75,33,9,0,5,14,9,11,1.42857,0.55,2.2
800,21,127,54,6,67,99868,5,16,121,54,10,0,6,16,10,11,1.3125,0.52381,1.83333
801,18,66,27,5,34,99928,6,16,61,27,7,0,5,12,7,11,1.5,0.611111,2.2
802,31,124,41,14,69,99872,4,16,110,41,13,0,14,27,13,18,1.14815,0.580645,1.28571
803,24,92,34,7,51,99902,6,16,85,34,11,0,7,18,11,13,1.33333,0.541667,1.85714
804,14,73,28,6,39,99925,2,16,67,28,6,0,6,12,6,8,1.16667,0.571429,1.33333
805,19,112,50,4,58,99885,3,16,108,50,12,0,4,16,12,7,1.1875,0.368421,1.75
806,17,126,51,7,68,99872,2,16,119,51,8,0,7,15,8,9,1.13333,0.529412,1.28571
807,8,49,23,2,24,99950,1,16,47,23,5,0,2,7,5,3,1.14286,0.375,1.5
808,23,114,49,5,60,99874,12,16,109,49,6,0,5,11,6,17,2.09091,0.73913,3.4
809,21,76,30,6,40,99917,7,16,70,30,8,0,6,14,8,13,1.5,0.619048,2.16667
810,18,69,27,5,37,99926,5,16,64,27,8,0,5,13,8,10,1.38462,0.555556,2
811,19,78,28,8,42,99919,3,16,70,28,8,0,8,16,8,11,1.1875,0.578947,1.375
812,19,107,42,8,57,99890,3,16,99,42,8,0,8,16,8,11,1.1875,0.578947,1.375
813,18,97,40,6,51,99900,3,16,91,40,9,0,6,15,9,9,1.2,0.5,1.5
814,19,101,43,5,53,99893,6,16,96,43,8,0,5,13,8,11,1.46154,0.578947,2.2
815,19,114,52,4,58,99883,3,16,110,52,12,0,4,16,12,7,1.1875,0.368421,1.75
816,28,94,33,10,51,99901,5,16,84,33,13,0,10,23,13,15,1.21739,0.535714,1.5
817,21,130,51,10,69,99867,3,16,120,51,8,0,10,18,8,13,1.16667,0.619048,1.3
818,19,103,45,5,53,99890,7,16,98,45,7,0,5,12,7,12,1.58333,0.631579,2.4
819,14,100,41,6,53,99894,6,16,94,41,2,0,6,8,2,12,1.75,0.857143,2
820,14,73,30,4,39,99922,5,16,69,30,5,0,4,9,5,9,1.55556,0.642857,2.25
821,18,74,32,3,39,99917,9,16,71,32,6,0,3,9,6,12,2,0.666667,4
822,15,81,35,4,42,99914,5,16,77,35,6,0,4,10,6,9,1.5,0.6,2.25
823,20,99,44,4,51,99891,10,16,95,44,6,0,4,10,6,14,2,0.7,3.5
824,31,123,49,10,64,99869,8,16,113,49,13,0,10,23,13,18,1.34783,0.580645,1.8
825,15,85,33,6,46,99911,4,16,79,33,5,0,6,11,5,10,1.36364,0.666667,1.66667
826,20,107,46,5,56,99887,6,16,102,46,9,0,5,14,9,11,1.42857,0.55,2.2
827,25,79,29,9,41,99912,9,16,70,29,7,0,9,16,7,18,1.5625,0.72,2
828,28,73,25,10,38,99918,9,16,63,25,9,0,10,19,9,19,1.47368,0.678571,1.9
829,17,101,43,5,53,99893,6,16,96,43,6,0,5,11,6,11,1.54545,0.647059,2.2
830,22,109,42,8,59,99885,6,16,101,42,8,0,8,16,8,14,1.375,0.636364,1.75
831,28,72,26,7,39,99918,10,16,65,26,11,0,7,18,11,17,1.55556,0.607143,2.42857
832,13,90,40,3,47,99905,5,16,87,40,5,0,3,8,5,8,1.625,0.615385,2.66667
833,13,69,28,4,37,99926,5,16,65,28,4,0,4,8,4,9,1.625,0.692308,2.25
834,19,115,51,4,60,99883,2,16,111,51,13,0,4,17,13,6,1.11765,0.315789,1.5
835,18,92,36,5,51,99907,1,16,87,36,12,0,5,17,12,6,1.05882,0.333333,1.2
836,22,63,24,7,32,99928,9,16,56,24,6,0,7,13,6,16,1.69231,0.727273,2.28571
837,17,100,42,5,53,99897,3,16,95,42,9,0,5,14,9,8,1.21429,0.470588,1.6
838,16,134,60,4,70,99864,2,16,130,60,10,0,4,14,10,6,1.14286,0.375,1.5
839,12,96,43,3,50,99902,2,16,93,43,7,0,3,10,7,5,1.2,0.416667,1.66667
840,15,90,38,5,47,99908,2,16,85,38,8,0,5,13,8,7,1.15385,0.466667,1.4
841,22,57,20,7,30,99934,9,16,50,20,6,0,7,13,6,16,1.69231,0.727273,2.28571
842,20,92,40,3,49,99905,3,16,89,40,14,0,3,17,14,6,1.17647,0.3,2
843,14,73,29,5,39,99925,2,16,68,29,7,0,5,12,7,7,1.16667,0.5,1.4
844,25,74,27,9,38,99919,7,16,65,27,9,0,9,18,9,16,1.38889,0.64,1.77778
845,25,80,33,5,42,99912,8,16,75,33,12,0,5,17,12,13,1.47059,0.52,2.6
846,21,60,24,5,31,99933,7,16,55,24,9,0,5,14,9,12,1.5,0.571429,2.4
847,27,112,47,6,59,99879,9,16,106,47,12,0,6,18,12,15,1.5,0.555556,2.5
848,19,105,46,5,54,99888,7,16,100,46,7,0,5,12,7,12,1.58333,0.631579,2.4
849,24,116,46,10,60,99876,8,16,106,46,6,0,10,16,6,18,1.5,0.75,1.8
850,24,93,38,6,49,99904,3,16,87,38,15,0,6,21,15,9,1.14286,0.375,1.5
851,22,84,33,7,44,99909,7,16,77,33,8,0,7,15,8,14,1.46667,0.636364,2
852,18,89,32,8,49,99910,1,16,81,32,9,0,8,17,9,9,1.05882,0.5,1.125
853,19,52,19,6,27,99941,7,16,46,19,6,0,6,12,6,13,1.58333,0.684211,2.16667
854,31,116,41,13,62,99875,9,16,103,41,9,0,13,22,9,22,1.40909,0.709677,1.69231
855,13,64,28,3,33,99934,2,16,61,28,8,0,3,11,8,5,1.18182,0.384615,1.66667
856,26,61,24,6,31,99924,15,16,55,24,5,0,6,11,5,21,2.36364,0.807692,3.5
857,24,70,29,5,36,99922,8,16,65,29,11,0,5,16,11,13,1.5,0.541667,2.6
858,16,50,22,2,26,99940,10,16,48,22,4,0,2,6,4,12,2.66667,0.75,6
859,15,66,25,6,35,99931,3,16,60,25,6,0,6,12,6,9,1.25,0.6,1.5
860,25,114,49,6,59,99878,8,16,108,49,11,0,6,17,11,14,1.47059,0.56,2.33333
861,14,88,37,4,47,99911,1,16,84,37,9,0,4,13,9,5,1.07692,0.357143,1.25
862,20,97,38,7,52,99897,6,16,90,38,7,0,7,14,7,13,1.42857,0.65,1.85714
863,21,107,42,7,58,99889,4,16,100,42,10,0,7,17,10,11,1.23529,0.52381,1.57143
864,28,65,24,7,34,99927,8,16,58,24,13,0,7,20,13,15,1.4,0.535714,2.14286
865,21,96,39,7,50,99897,7,16,89,39,7,0,7,14,7,14,1.5,0.666667,2
866,23,112,47,7,58,99884,4,16,105,47,12,0,7,19,12,11,1.21053,0.478261,1.57143
867,14,53,19,6,28,99944,3,16,47,19,5,0,6,11,5,9,1.27273,0.642857,1.5
868,20,91,38,6,47,99902,7,16,85,38,7,0,6,13,7,13,1.53846,0.65,2.16667
869,25,89,34,7,48,99908,3,16,82,34,15,0,7,22,15,10,1.13636,0.4,1.42857
870,17,66,27,5,34,99928,6,16,61,27,6,0,5,11,6,11,1.54545,0.647059,2.2
871,23,77,30,7,40,99912,11,16,70,30,5,0,7,12,5,18,1.91667,0.782609,2.57143
872,19,70,24,8,38,99925,5,16,62,24,6,0,8,14,6,13,1.35714,0.684211,1.625
873,17,107,46,6,55,99889,4,16,101,46,7,0,6,13,7,10,1.30769,0.588235,1.66667
874,26,130,55,7,68,99862,8,16,123,55,11,0,7,18,11,15,1.44444,0.576923,2.14286
875,21,80,34,5,41,99908,12,16,75,34,4,0,5,9,4,17,2.33333,0.809524,3.4
876,22,122,52,5,65,99872,6,16,117,52,11,0,5,16,11,11,1.375,0.5,2.2
877,16,71,27,6,38,99926,3,16,65,27,7,0,6,13,7,9,1.23077,0.5625,1.5
878,27,103,43,7,53,99885,12,16,96,43,8,0,7,15,8,19,1.8,0.703704,2.71429
879,26,101,43,5,53,99890,9,16,96,43,12,0,5,17,12,14,1.52941,0.538462,2.8
880,16,126,57,4,65,99869,5,16,122,57,7,0,4,11,7,9,1.45455,0.5625,2.25
881,24,79,34,5,40,99906,15,16,74,34,4,0,5,9,4,20,2.66667,0.833333,4
882,12,60,26,4,30,99935,5,16,56,26,3,0,4,7,3,9,1.71429,0.75,2.25
883,35,142,50,14,78,99850,8,16,128,50,13,0,14,27,13,22,1.2963,0.628571,1.57143
884,17,86,36,5,45,99911,3,16,81,36,9,0,5,14,9,8,1.21429,0.470588,1.6
885,24,88,34,8,46,99906,6,16,80,34,10,0,8,18,10,14,1.33333,0.583333,1.75
886,27,89,35,6,48,99900,11,16,83,35,10,0,6,16,10,17,1.6875,0.62963,2.83333
887,31,100,36,11,53,99891,9,16,89,36,11,0,11,22,11,20,1.40909,0.645161,1.81818
888,22,105,42,6,57,99890,5,16,99,42,11,0,6,17,11,11,1.29412,0.5,1.83333
889,23,87,37,4,46,99907,6,16,83,37,13,0,4,17,13,10,1.35294,0.434783,2.5
890,20,70,29,5,36,99923,7,16,65,29,8,0,5,13,8,12,1.53846,0.6,2.4
891,19,99,43,4,52,99894,7,16,95,43,8,0,4,12,8,11,1.58333,0.578947,2.75
892,11,101,45,3,53,99897,2,16,98,45,6,0,3,9,6,5,1.22222,0.454545,1.66667
893,18,119,53,3,63,99876,5,16,116,53,10,0,3,13,10,8,1.38462,0.444444,2.66667
894,17,49,19,5,25,99944,7,16,44,19,5,0,5,10,5,12,1.7,0.705882,2.4
895,14,47,20,3,24,99947,6,16,44,20,5,0,3,8,5,9,1.75,0.642857,3
896,28,90,36,7,47,99900,10,16,83,36,11,0,7,18,11,17,1.55556,0.607143,2.42857
897,18,83,36,5,42,99911,6,16,78,36,7,0,5,12,7,11,1.5,0.611111,2.2
898,16,84,35,3,46,99915,1,16,81,35,12,0,3,15,12,4,1.06667,0.25,1.33333
899,17,109,42,10,57,99886,5,16,99,42,2,0,10,12,2,15,1.41667,0.882353,1.5
900,17,91,37,6,48,99903,6,16,85,37,5,0,6,11,5,12,1.54545,0.705882,2
901,11,54,23,3,28,99941,5,16,51,23,3,0,3,6,3,8,1.83333,0.727273,2.66667
902,22,60,23,6,31,99930,10,16,54,23,6,0,6,12,6,16,1.83333,0.727273,2.66667
903,17,106,46,5,55,99891,3,16,101,46,9,0,5,14,9,8,1.21429,0.470588,1.6
904,23,117,47,8,62,99879,4,16,109,47,11,0,8,19,11,12,1.21053,0.521739,1.5
905,37,124,51,8,65,99860,16,16,116,51,13,0,8,21,13,24,1.7619,0.648649,3
906,19,80,35,4,41,99911,9,16,76,35,6,0,4,10,6,13,1.9,0.684211,3.25
907,14,84,36,3,45,99915,1,16,81,36,10,0,3,13,10,4,1.07692,0.285714,1.33333
908,20,66,22,9,35,99930,4,16,57,22,7,0,9,16,7,13,1.25,0.65,1.44444
909,28,76,28,6,42,99916,8,16,70,28,14,0,6,20,14,14,1.4,0.5,2.33333
910,26,62,25,5,32,99922,16,16,57,25,5,0,5,10,5,21,2.6,0.807692,4.2
911,20,99,43,5,51,99895,6,16,94,43,9,0,5,14,9,11,1.42857,0.55,2.2
912,15,103,44,5,54,99892,5,16,98,44,5,0,5,10,5,10,1.5,0.666667,2
913,19,39,14,5,20,99954,7,16,34,14,7,0,5,12,7,12,1.58333,0.631579,2.4
914,17,87,36,6,45,99910,3,16,81,36,8,0,6,14,8,9,1.21429,0.529412,1.5
915,18,89,39,4,46,99905,6,16,85,39,8,0,4,12,8,10,1.5,0.555556,2.5
916,20,94,39,6,49,99900,6,16,88,39,8,0,6,14,8,12,1.42857,0.6,2
917,23,55,22,5,28,99932,13,16,50,22,5,0,5,10,5,18,2.3,0.782609,3.6
918,13,56,23,4,29,99938,6,16,52,23,3,0,4,7,3,10,1.85714,0.769231,2.5
919,23,99,43,5,51,99893,8,16,94,43,10,0,5,15,10,13,1.53333,0.565217,2.6
920,14,95,39,5,51,99901,4,16,90,39,5,0,5,10,5,9,1.4,0.642857,1.8
921,23,93,37,7,49,99902,5,16,86,37,11,0,7,18,11,12,1.27778,0.521739,1.71429
922,29,101,43,6,52,99888,11,16,95,43,12,0,6,18,12,17,1.61111,0.586207,2.83333
923,22,109,44,7,58,99887,4,16,102,44,11,0,7,18,11,11,1.22222,0.5,1.57143
924,24,94,35,9,50,99898,8,16,85,35,7,0,9,16,7,17,1.5,0.708333,1.88889
925,25,91,32,10,49,99905,4,16,81,32,11,0,10,21,11,14,1.19048,0.56,1.4
926,22,115,49,6,60,99877,8,16,109,49,8,0,6,14,8,14,1.57143,0.636364,2.33333
927,16,63,25,5,33,99931,6,16,58,25,5,0,5,10,5,11,1.6,0.6875,2.2
928,18,76,31,5,40,99918,6,16,71,31,7,0,5,12,7,11,1.5,0.611111,2.2
929,23,115,47,8,60,99875,10,16,107,47,5,0,8,13,5,18,1.76923,0.782609,2.25
930,22,88,32,9,47,99906,6,16,79,32,7,0,9,16,7,15,1.375,0.681818,1.66667
931,14,54,21,4,29,99944,2,16,50,21,8,0,4,12,8,6,1.16667,0.428571,1.5
932,14,98,40,7,51,99900,2,16,91,40,5,0,7,12,5,9,1.16667,0.642857,1.28571
933,15,127,57,4,66,99869,4,16,123,57,7,0,4,11,7,8,1.36364,0.533333,2
934,29,100,38,9,53,99893,7,16,91,38,13,0,9,22,13,16,1.31818,0.551724,1.77778
935,24,88,35,6,47,99904,8,16,82,35,10,0,6,16,10,14,1.5,0.583333,2.33333
936,25,86,34,7,45,99907,7,16,79,34,11,0,7,18,11,14,1.38889,0.56,2
937,17,100,43,5,52,99898,2,16,95,43,10,0,5,15,10,7,1.13333,0.411765,1.4
938,17,90,38,5,47,99905,5,16,85,38,7,0,5,12,7,10,1.41667,0.588235,2
939,16,67,26,5,36,99931,2,16,62,26,9,0,5,14,9,7,1.14286,0.4375,1.4
940,21,103,44,7,52,99889,8,16,96,44,6,0,7,13,6,15,1.61538,0.714286,2.14286
941,17,104,47,3,54,99890,6,16,101,47,8,0,3,11,8,9,1.54545,0.529412,3
942,23,66,28,4,34,99923,11,16,62,28,8,0,4,12,8,15,1.91667,0.652174,3.75
943,19,94,40,5,49,99899,7,16,89,40,7,0,5,12,7,12,1.58333,0.631579,2.4
944,17,91,40,4,47,99906,3,16,87,40,10,0,4,14,10,7,1.21429,0.411765,1.75
945,18,112,49,6,57,99882,6,16,106,49,6,0,6,12,6,12,1.5,0.666667,2
946,20,102,43,5,54,99892,6,16,97,43,9,0,5,14,9,11,1.42857,0.55,2.2
947,19,76,29,6,41,99921,3,16,70,29,10,0,6,16,10,9,1.1875,0.473684,1.5
948,17,64,25,5,34,99933,3,16,59,25,9,0,5,14,9,8,1.21429,0.470588,1.6
949,23,105,41,8,56,99892,3,16,97,41,12,0,8,20,12,11,1.15,0.478261,1.375
950,15,79,34,4,41,99915,6,16,75,34,5,0,4,9,5,10,1.66667,0.666667,2.5
951,14,86,32,8,46,99911,3,16,78,32,3,0,8,11,3,11,1.27273,0.785714,1.375
952,33,75,30,6,39,99911,14,16,69,30,13,0,6,19,13,20,1.73684,0.606061,3.33333
953,17,82,34,4,44,99915,3,16,78,34,10,0,4,14,10,7,1.21429,0.411765,1.75
954,19,113,48,5,60,99883,4,16,108,48,10,0,5,15,10,9,1.26667,0.473684,1.8
955,27,104,43,7,54,99884,12,16,97,43,8,0,7,15,8,19,1.8,0.703704,2.71429
956,24,76,31,5,40,99917,7,16,71,31,12,0,5,17,12,12,1.41176,0.5,2.4
957,9,72,30,4,38,99927,1,16,68,30,4,0,4,8,4,5,1.125,0.555556,1.25
958,24,101,39,9,53,99895,4,16,92,39,11,0,9,20,11,13,1.2,0.541667,1.44444
959,26,88,35,7,46,99902,10,16,81,35,9,0,7,16,9,17,1.625,0.653846,2.42857
960,24,131,54,10,67,99860,9,16,121,54,5,0,10,15,5,19,1.6,0.791667,1.9
961,24,106,46,4,56,99887,7,16,102,46,13,0,4,17,13,11,1.41176,0.458333,2.75
962,28,105,39,10,56,99885,10,16,95,39,8,0,10,18,8,20,1.55556,0.714286,2
963,18,97,44,4,49,99896,7,16,93,44,7,0,4,11,7,11,1.63636,0.611111,2.75
964,26,74,29,7,38,99918,8,16,67,29,11,0,7,18,11,15,1.44444,0.576923,2.14286
965,16,64,25,5,34,99934,2,16,59,25,9,0,5,14,9,7,1.14286,0.4375,1.4
966,23,106,42,6,58,99889,5,16,100,42,12,0,6,18,12,11,1.27778,0.478261,1.83333
967,25,111,42,9,60,99887,2,16,102,42,14,0,9,23,14,11,1.08696,0.44,1.22222
968,21,77,31,5,41,99916,7,16,72,31,9,0,5,14,9,12,1.5,0.571429,2.4
969,24,99,40,7,52,99897,4,16,92,40,13,0,7,20,13,11,1.2,0.458333,1.57143
970,16,144,63,5,76,99852,4,16,139,63,7,0,5,12,7,9,1.33333,0.5625,1.8
971,13,103,43,5,55,99896,1,16,98,43,7,0,5,12,7,6,1.08333,0.461538,1.2
972,13,64,25,5,34,99934,2,16,59,25,6,0,5,11,6,7,1.18182,0.538462,1.4
973,26,107,44,6,57,99886,7,16,101,44,13,0,6,19,13,13,1.36842,0.5,2.16667
974,25,83,34,5,44,99909,8,16,78,34,12,0,5,17,12,13,1.47059,0.52,2.6
975,20,90,37,6,47,99903,7,16,84,37,7,0,6,13,7,13,1.53846,0.65,2.16667
976,21,63,27,4,32,99927,10,16,59,27,7,0,4,11,7,14,1.90909,0.666667,3.5
977,15,83,32,6,45,99914,3,16,77,32,6,0,6,12,6,9,1.25,0.6,1.5
978,17,109,44,7,58,99888,3,16,102,44,7,0,7,14,7,10,1.21429,0.588235,1.42857
979,16,93,39,5,49,99905,2,16,88,39,9,0,5,14,9,7,1.14286,0.4375,1.4
980,26,93,34,9,50,99895,12,16,84,34,5,0,9,14,5,21,1.85714,0.807692,2.33333
981,14,112,46,6,60,99887,1,16,106,46,7,0,6,13,7,7,1.07692,0.5,1.16667
982,21,118,49,6,63,99877,5,16,112,49,10,0,6,16,10,11,1.3125,0.52381,1.83333
983,16,70,31,3,36,99925,5,16,67,31,8,0,3,11,8,8,1.45455,0.5,2.66667
984,26,76,31,4,41,99915,9,16,72,31,13,0,4,17,13,13,1.52941,0.5,3.25
985,18,95,40,5,50,99902,3,16,90,40,10,0,5,15,10,8,1.2,0.444444,1.6
986,21,109,46,6,57,99887,4,16,103,46,11,0,6,17,11,10,1.23529,0.47619,1.66667
987,19,75,31,4,40,99921,4,16,71,31,11,0,4,15,11,8,1.26667,0.421053,2
988,15,96,41,5,50,99899,5,16,91,41,5,0,5,10,5,10,1.5,0.666667,2
989,15,80,33,5,42,99914,6,16,75,33,4,0,5,9,4,11,1.66667,0.733333,2.2
990,25,55,24,4,27,99929,16,15,51,24,5,0,4,9,5,20,2.77778,0.8,5
991,22,54,21,4,29,99937,9,16,50,21,9,0,4,13,9,13,1.69231,0.590909,3.25
992,25,83,34,5,44,99911,6,16,78,34,14,0,5,19,14,11,1.31579,0.44,2.2
993,22,79,33,5,41,99913,8,16,74,33,9,0,5,14,9,13,1.57143,0.590909,2.6
994,22,102,43,6,53,99887,11,16,96,43,5,0,6,11,5,17,2,0.772727,2.83333
995,20,109,45,6,58,99888,3,16,103,45,11,0,6,17,11,9,1.17647,0.45,1.5
996,20,84,35,4,45,99910,6,16,80,35,10,0,4,14,10,10,1.42857,0.5,2.5
997,23,92,38,5,49,99899,9,16,87,38,9,0,5,14,9,14,1.64286,0.608696,2.8
998,17,89,35,6,48,99908,3,16,83,35,8,0,6,14,8,9,1.21429,0.529412,1.5
999,12,95,43,3,49,99902,3,16,92,43,6,0,3,9,6,6,1.33333,0.5,2
1000,19,111,44,7,60,99887,2,16,104,44,10,0,7,17,10,9,1.11765,0.473684,1.28571
1001,24,99,37,9,53,99897,4,16,90,37,11,0,9,20,11,13,1.2,0.541667,1.44444
1002,15,62,23,5,34,99937,1,16,57,23,9,0,5,14,9,6,1.07143,0.4,1.2
1003,24,58,21,6,31,99935,7,16,52,21,11,0,6,17,11,13,1.41176,0.541667,2.16667
1004,27,86,31,8,47,99910,4,16,78,31,15,0,8,23,15,12,1.17391,0.444444,1.5
1005,19,90,36,7,47,99907,3,16,83,36,9,0,7,16,9,10,1.1875,0.526316,1.42857
1006,23,87,35,7,45,99906,7,16,80,35,9,0,7,16,9,14,1.4375,0.608696,2
1007,18,101,40,7,54,99895,4,16,94,40,7,0,7,14,7,11,1.28571,0.611111,1.57143
1008,28,77,27,8,42,99916,7,16,69,27,13,0,8,21,13,15,1.33333,0.535714,1.875
1009,29,105,42,7,56,99888,7,16,98,42,15,0,7,22,15,14,1.31818,0.482759,2
1010,12,49,21,3,25,99946,5,16,46,21,4,0,3,7,4,8,1.71429,0.666667,2.66667
1011,16,107,45,6,56,99890,3,16,101,45,7,0,6,13,7,9,1.23077,0.5625,1.5
1012,20,123,52,7,64,99871,6,16,116,52,7,0,7,14,7,13,1.42857,0.65,1.85714
1013,16,84,34,6,44,99914,2,16,78,34,8,0,6,14,8,8,1.14286,0.5,1.33333
1014,21,99,40,6,53,99894,7,16,93,40,8,0,6,14,8,13,1.5,0.619048,2.16667
1015,16,96,42,4,50,99900,4,16,92,42,8,0,4,12,8,8,1.33333,0.5,2
1016,19,115,46,7,62,99883,2,16,108,46,10,0,7,17,10,9,1.11765,0.473684,1.28571
1017,18,56,22,4,30,99938,6,16,52,22,8,0,4,12,8,10,1.5,0.555556,2.5
1018,16,75,32,4,39,99921,4,16,71,32,8,0,4,12,8,8,1.33333,0.5,2
1019,17,113,48,6,59,99883,4,16,107,48,7,0,6,13,7,10,1.30769,0.588235,1.66667
1020,14,99,40,6,53,99899,2,16,93,40,6,0,6,12,6,8,1.16667,0.571429,1.33333
1021,23,100,37,9,54,99896,4,16,91,37,10,0,9,19,10,13,1.21053,0.565217,1.44444
1022,20,75,33,3,39,99917,8,16,72,33,9,0,3,12,9,11,1.66667,0.55,3.66667
1023,7,113,52,4,57,99886,1,16,109,52,2,0,4,6,2,5,1.16667,0.714286,1.25
